Workbook

Sheet Info
A1: Region | B1: 5 | C1: Regional | D1: Name | E1: Maryk Haynes | H1: Steps for using this Excel scoring workbook correctly
C2: Director | D2: Email | E2: maryke.nau@gmail.co | G2: 1 | H2: (After copying 'WSMC Scoring' to your computer) Enter Region number in B1 on this sheet.
A3: Enter Knowdown Results | G3: 2 | H3: Enter Regional Director name and email in cells E1 and E2 on this sheet
A4: Place | B4: Name | E4: School | H4: (Don't forget to regularly save updates) For each school:
A5: 1 | B5: Andrew Lee | E5: Kamiak | G5: 3 | H5: You may change the tabs on the worksheets to school initials
A6: 2 | B6: JiYoon Hong | E6: Jackson | G6: 4 | H6: Enter ALL school Information in the pinkish boxes, omit HS or High School
A7: 3 | B7: Alex Reed | E7: Mariner | G7: 5 | H7: Enter Division (1 if 'AA', 'AAA', or 'AAAA' school, 2 if the school is smaller).
A8: Alternate | B8: Brandon Ng | E8: Mariner | G8: 6 | H8: Enter student names (first and last please ex: Kayla Kloss) in appropriate columns.
G9: 7 | H9: Enter the number of the Team Project team for each student on a Project Team
A10: Information | G10: 8 | H10: Enter the number of the Team Problem team for each student on a Prolem Team (note: JV teams must be numbered using numbers larger than the number in cell A9. A9 can be changed for each school. Watch for flags (pink box next to team score) on the varsity teams.)
A11: WSMC Contest Chair Person
A12: Jim Miller | G12: 9 | H12: Enter the number of the Team Topical team for each student on a Topical Team. Watch for flag for incorrect team composition. (Topical Individual are assumed for any student without a team number.)
A13: 201 Elk Haven Rd.
A14: Cle Elum 98922 | G14: 10 | H14: Enter 'x' in the Knowdown column by the name of each Knowdown contestent.
A15: 509-674-2317 | C15: Cell 509-674-8138 | G15: 11 | H15: Enter scores as soon as they are reported. They should be entered in their appropriate colums by their team numbers. (Project scores start in C4, Team Problem in C13, Topical Team Part One in F3, Topical Team Part Two in G3, Individual Topical Parts One and Two by the students' name.)
A16: millerionjim@gmail.com | D16: millerji@cwu.edu
G17: 12 | H17: (Don't forget to regularly save updates) At the end of the contest:
G18: 13 | H18: Enter the results of the Knowdown on this page. (Save)
A19: Never use the cut command (control x or command x)! | G19: 14 | H19: The results will be automatically calculated for each event. Click on the appropriate tabs to see the results. If you would like to print the results, select the protion of the worksheet you would like to print, select Print from the file menu, choose to print Selection.
D20: For the students playing up.. | G20: 15 | H20: How to deal with playing up: If a student is playing up as per the rules, Enter their name in the correct age/class group and In the Age/class group they are playing up in BUT in the group they are playing up in start their name with an x like Anna is a sophomore so enter Anna in the Sophomore list and then place xAnna in the the Seniors list if Anna is playing up as a Senior.

Sheet Proj
A1: =B1 | B1: =IF(E1="","",RANK(E1,$E$1:$E$100)) | C1: 1 | D1: 1 | E1: =IF(AHS!$C$4="","",AHS!$C$4) | F1: =CONCATENATE(IF(AHS!$J$13=$D1,CONCATENATE(AHS!$I$13,"-"),""),IF(AHS!$J$14=$D1,CONCATENATE(AHS!$I$14,"-"),""),IF(AHS!$J$15=$D1,CONCATENATE(AHS!$I$15,"-"),""),IF(AHS!$J$16=$D1,CONCATENATE(AHS!$I$16,"-"),""),IF(AHS!$J$17=$D1,CONCATENATE(AHS!$I$17,"-"),""),IF(AHS!$J$18=$D1,CONCATENATE(AHS!$I$18,"-"),""),IF(AHS!$J$19=$D1,CONCATENATE(AHS!$I$19,"-"),""),IF(AHS!$J$20=$D1,CONCATENATE(AHS!$I$20,"-"),""),IF(AHS!$J$21=$D1,CONCATENATE(AHS!$I$21,"-"),""),IF(AHS!$J$22=$D1,CONCATENATE(AHS!$I$22,"-"),""),) | G1: =CONCATENATE(IF(AHS!$J$23=$D1,CONCATENATE(AHS!$I$23,"-"),""),IF(AHS!$J$24=$D1,CONCATENATE(AHS!$I$24,"-"),""),IF(AHS!$J$25=$D1,CONCATENATE(AHS!$I$25,"-"),""),IF(AHS!$J$26=$D1,CONCATENATE(AHS!$I$26,"-"),""),IF(AHS!$J$27=$D1,CONCATENATE(AHS!$I$27,"-"),""),IF(AHS!$J$28=$D1,CONCATENATE(AHS!$I$28,"-"),""),IF(AHS!$J$29=$D1,CONCATENATE(AHS!$I$29,"-"),""),IF(AHS!$J$30=$D1,CONCATENATE(AHS!$I$30,"-"),""),IF(AHS!$J$31=$D1,CONCATENATE(AHS!$I$31,"-"),""),IF(AHS!$J$32=$D1,CONCATENATE(AHS!$I$32,"-"),"")) | H1: =CONCATENATE(IF(AHS!$R$13=$D1,CONCATENATE(AHS!$Q$13,"-"),""),IF(AHS!$R$14=$D1,CONCATENATE(AHS!$Q$14,"-"),""),IF(AHS!$R$15=$D1,CONCATENATE(AHS!$Q$15,"-"),""),IF(AHS!$R$16=$D1,CONCATENATE(AHS!$Q$16,"-"),""),IF(AHS!$R$17=$D1,CONCATENATE(AHS!$Q$17,"-"),""),IF(AHS!$R$18=$D1,CONCATENATE(AHS!$Q$18,"-"),""),IF(AHS!$R$19=$D1,CONCATENATE(AHS!$Q$19,"-"),""),IF(AHS!$R$20=$D1,CONCATENATE(AHS!$Q$20,"-"),""),IF(AHS!$R$21=$D1,CONCATENATE(AHS!$Q$21,"-"),""),IF(AHS!$R$22=$D1,CONCATENATE(AHS!$Q$22,"-"),"")) | I1: =CONCATENATE(,IF(AHS!$R$23=$D1,CONCATENATE(AHS!$Q$23,"-"),""),IF(AHS!$R$24=$D1,CONCATENATE(AHS!$Q$24,"-"),""),IF(AHS!$R$25=$D1,CONCATENATE(AHS!$Q$25,"-"),""),IF(AHS!$R$26=$D1,CONCATENATE(AHS!$Q$26,"-"),""),IF(AHS!$R$27=$D1,CONCATENATE(AHS!$Q$27,"-"),""),IF(AHS!$R$28=$D1,CONCATENATE(AHS!$Q$28,"-"),""),IF(AHS!$R$29=$D1,CONCATENATE(AHS!$Q$29,"-"),""),IF(AHS!$R$30=$D1,CONCATENATE(AHS!$Q$30,"-"),""),IF(AHS!$R$31=$D1,CONCATENATE(AHS!$Q$31,"-"),""),IF(AHS!$R$32=$D1,CONCATENATE(AHS!$Q$32,"-"),"")) | J1: =CONCATENATE(IF(AHS!$Z$13=$D1,CONCATENATE(AHS!$Y$13,"-"),""),IF(AHS!$Z$14=$D1,CONCATENATE(AHS!$Y$14,"-"),""),IF(AHS!$Z$15=$D1,CONCATENATE(AHS!$Y$15,"-"),""),IF(AHS!$Z$16=$D1,CONCATENATE(AHS!$Y$16,"-"),""),IF(AHS!$Z$17=$D1,CONCATENATE(AHS!$Y$17,"-"),""),IF(AHS!$Z$18=$D1,CONCATENATE(AHS!$Y$18,"-"),""),IF(AHS!$Z$19=$D1,CONCATENATE(AHS!$Y$19,"-"),""),IF(AHS!$Z$20=$D1,CONCATENATE(AHS!$Y$20,"-"),""),IF(AHS!$Z$21=$D1,CONCATENATE(AHS!$Y$21,"-"),""),IF(AHS!$Z$22=$D1,CONCATENATE(AHS!$Y$22,"-"),""),"") | K1: =CONCATENATE(IF(AHS!$Z$23=$D1,CONCATENATE(AHS!$Y$23,"-"),""),IF(AHS!$Z$24=$D1,CONCATENATE(AHS!$Y$24,"-"),""),IF(AHS!$Z$25=$D1,CONCATENATE(AHS!$Y$25,"-"),""),IF(AHS!$Z$26=$D1,CONCATENATE(AHS!$Y$26,"-"),""),IF(AHS!$Z$27=$D1,CONCATENATE(AHS!$Y$27,"-"),""),IF(AHS!$Z$28=$D1,CONCATENATE(AHS!$Y$28,"-"),""),IF(AHS!$Z$29=$D1,CONCATENATE(AHS!$Y$29,"-"),""),IF(AHS!$Z$30=$D1,CONCATENATE(AHS!$Y$30,"-"),""),IF(AHS!$Z$31=$D1,CONCATENATE(AHS!$Y$31,"-"),""),IF(AHS!$Z$32=$D1,CONCATENATE(AHS!$Y$32,"-"),"")) | L1: =CONCATENATE(IF(AHS!$AH$13=$D1,CONCATENATE(AHS!$AG$13,"-"),""),IF(AHS!$AH$14=$D1,CONCATENATE(AHS!$AG$14,"-"),""),IF(AHS!$AH$15=$D1,CONCATENATE(AHS!$AG$15,"-"),""),IF(AHS!$AH$16=$D1,CONCATENATE(AHS!$AG$16,"-"),""),IF(AHS!$AH$17=$D1,CONCATENATE(AHS!$AG$17,"-"),""),IF(AHS!$AH$18=$D1,CONCATENATE(AHS!$AG$18,"-"),""),IF(AHS!$AH$19=$D1,CONCATENATE(AHS!$AG$19,"-"),""),IF(AHS!$AH$20=$D1,CONCATENATE(AHS!$AG$20,"-"),""),IF(AHS!$AH$21=$D1,CONCATENATE(AHS!$AG$21,"-"),""),IF(AHS!$AH$22=$D1,CONCATENATE(AHS!$AG$22,"-"),""),"") | M1: =CONCATENATE(IF(AHS!$AH$23=$D1,CONCATENATE(AHS!$AG$23,"-"),""),IF(AHS!$AH$24=$D1,CONCATENATE(AHS!$AG$24,"-"),""),IF(AHS!$AH$25=$D1,CONCATENATE(AHS!$AG$25,"-"),""),IF(AHS!$AH$26=$D1,CONCATENATE(AHS!$AG$26,"-"),""),IF(AHS!$AH$27=$D1,CONCATENATE(AHS!$AG$27,"-"),""),IF(AHS!$AH$28=$D1,CONCATENATE(AHS!$AG$28,"-"),""),IF(AHS!$AH$29=$D1,CONCATENATE(AHS!$AG$29,"-"),""),IF(AHS!$AH$30=$D1,CONCATENATE(AHS!$AG$30,"-"),""),IF(AHS!$AH$31=$D1,CONCATENATE(AHS!$AG$31,"-"),""),IF(AHS!$AH$32=$D1,CONCATENATE(AHS!$AG$32,"-"),"")) | N1: =CONCATENATE(F1,G1,H1,I1,J1,K1,L1,M1) | P1: Team Projects Results
A2: =IF(B2="","",COUNTIF($B$1:B1,B2)+B2) | B2: =IF(E2="","",RANK(E2,$E$1:$E$100)) | C2: 1 | D2: 2 | E2: =IF(AHS!$C$5="","",AHS!$C$5) | F2: =CONCATENATE(IF(AHS!$J$13=$D2,CONCATENATE(AHS!$I$13,"-"),""),IF(AHS!$J$14=$D2,CONCATENATE(AHS!$I$14,"-"),""),IF(AHS!$J$15=$D2,CONCATENATE(AHS!$I$15,"-"),""),IF(AHS!$J$16=$D2,CONCATENATE(AHS!$I$16,"-"),""),IF(AHS!$J$17=$D2,CONCATENATE(AHS!$I$17,"-"),""),IF(AHS!$J$18=$D2,CONCATENATE(AHS!$I$18,"-"),""),IF(AHS!$J$19=$D2,CONCATENATE(AHS!$I$19,"-"),""),IF(AHS!$J$20=$D2,CONCATENATE(AHS!$I$20,"-"),""),IF(AHS!$J$21=$D2,CONCATENATE(AHS!$I$21,"-"),""),IF(AHS!$J$22=$D2,CONCATENATE(AHS!$I$22,"-"),""),) | G2: =CONCATENATE(IF(AHS!$J$23=$D2,CONCATENATE(AHS!$I$23,"-"),""),IF(AHS!$J$24=$D2,CONCATENATE(AHS!$I$24,"-"),""),IF(AHS!$J$25=$D2,CONCATENATE(AHS!$I$25,"-"),""),IF(AHS!$J$26=$D2,CONCATENATE(AHS!$I$26,"-"),""),IF(AHS!$J$27=$D2,CONCATENATE(AHS!$I$27,"-"),""),IF(AHS!$J$28=$D2,CONCATENATE(AHS!$I$28,"-"),""),IF(AHS!$J$29=$D2,CONCATENATE(AHS!$I$29,"-"),""),IF(AHS!$J$30=$D2,CONCATENATE(AHS!$I$30,"-"),""),IF(AHS!$J$31=$D2,CONCATENATE(AHS!$I$31,"-"),""),IF(AHS!$J$32=$D2,CONCATENATE(AHS!$I$32,"-"),"")) | H2: =CONCATENATE(IF(AHS!$R$13=$D2,CONCATENATE(AHS!$Q$13,"-"),""),IF(AHS!$R$14=$D2,CONCATENATE(AHS!$Q$14,"-"),""),IF(AHS!$R$15=$D2,CONCATENATE(AHS!$Q$15,"-"),""),IF(AHS!$R$16=$D2,CONCATENATE(AHS!$Q$16,"-"),""),IF(AHS!$R$17=$D2,CONCATENATE(AHS!$Q$17,"-"),""),IF(AHS!$R$18=$D2,CONCATENATE(AHS!$Q$18,"-"),""),IF(AHS!$R$19=$D2,CONCATENATE(AHS!$Q$19,"-"),""),IF(AHS!$R$20=$D2,CONCATENATE(AHS!$Q$20,"-"),""),IF(AHS!$R$21=$D2,CONCATENATE(AHS!$Q$21,"-"),""),IF(AHS!$R$22=$D2,CONCATENATE(AHS!$Q$22,"-"),"")) | I2: =CONCATENATE(,IF(AHS!$R$23=$D2,CONCATENATE(AHS!$Q$23,"-"),""),IF(AHS!$R$24=$D2,CONCATENATE(AHS!$Q$24,"-"),""),IF(AHS!$R$25=$D2,CONCATENATE(AHS!$Q$25,"-"),""),IF(AHS!$R$26=$D2,CONCATENATE(AHS!$Q$26,"-"),""),IF(AHS!$R$27=$D2,CONCATENATE(AHS!$Q$27,"-"),""),IF(AHS!$R$28=$D2,CONCATENATE(AHS!$Q$28,"-"),""),IF(AHS!$R$29=$D2,CONCATENATE(AHS!$Q$29,"-"),""),IF(AHS!$R$30=$D2,CONCATENATE(AHS!$Q$30,"-"),""),IF(AHS!$R$31=$D2,CONCATENATE(AHS!$Q$31,"-"),""),IF(AHS!$R$32=$D2,CONCATENATE(AHS!$Q$32,"-"),"")) | J2: =CONCATENATE(IF(AHS!$Z$13=$D2,CONCATENATE(AHS!$Y$13,"-"),""),IF(AHS!$Z$14=$D2,CONCATENATE(AHS!$Y$14,"-"),""),IF(AHS!$Z$15=$D2,CONCATENATE(AHS!$Y$15,"-"),""),IF(AHS!$Z$16=$D2,CONCATENATE(AHS!$Y$16,"-"),""),IF(AHS!$Z$17=$D2,CONCATENATE(AHS!$Y$17,"-"),""),IF(AHS!$Z$18=$D2,CONCATENATE(AHS!$Y$18,"-"),""),IF(AHS!$Z$19=$D2,CONCATENATE(AHS!$Y$19,"-"),""),IF(AHS!$Z$20=$D2,CONCATENATE(AHS!$Y$20,"-"),""),IF(AHS!$Z$21=$D2,CONCATENATE(AHS!$Y$21,"-"),""),IF(AHS!$Z$22=$D2,CONCATENATE(AHS!$Y$22,"-"),""),"") | K2: =CONCATENATE(IF(AHS!$Z$23=$D2,CONCATENATE(AHS!$Y$23,"-"),""),IF(AHS!$Z$24=$D2,CONCATENATE(AHS!$Y$24,"-"),""),IF(AHS!$Z$25=$D2,CONCATENATE(AHS!$Y$25,"-"),""),IF(AHS!$Z$26=$D2,CONCATENATE(AHS!$Y$26,"-"),""),IF(AHS!$Z$27=$D2,CONCATENATE(AHS!$Y$27,"-"),""),IF(AHS!$Z$28=$D2,CONCATENATE(AHS!$Y$28,"-"),""),IF(AHS!$Z$29=$D2,CONCATENATE(AHS!$Y$29,"-"),""),IF(AHS!$Z$30=$D2,CONCATENATE(AHS!$Y$30,"-"),""),IF(AHS!$Z$31=$D2,CONCATENATE(AHS!$Y$31,"-"),""),IF(AHS!$Z$32=$D2,CONCATENATE(AHS!$Y$32,"-"),"")) | L2: =CONCATENATE(IF(AHS!$AH$13=$D2,CONCATENATE(AHS!$AG$13,"-"),""),IF(AHS!$AH$14=$D2,CONCATENATE(AHS!$AG$14,"-"),""),IF(AHS!$AH$15=$D2,CONCATENATE(AHS!$AG$15,"-"),""),IF(AHS!$AH$16=$D2,CONCATENATE(AHS!$AG$16,"-"),""),IF(AHS!$AH$17=$D2,CONCATENATE(AHS!$AG$17,"-"),""),IF(AHS!$AH$18=$D2,CONCATENATE(AHS!$AG$18,"-"),""),IF(AHS!$AH$19=$D2,CONCATENATE(AHS!$AG$19,"-"),""),IF(AHS!$AH$20=$D2,CONCATENATE(AHS!$AG$20,"-"),""),IF(AHS!$AH$21=$D2,CONCATENATE(AHS!$AG$21,"-"),""),IF(AHS!$AH$22=$D2,CONCATENATE(AHS!$AG$22,"-"),""),"") | M2: =CONCATENATE(IF(AHS!$AH$23=$D2,CONCATENATE(AHS!$AG$23,"-"),""),IF(AHS!$AH$24=$D2,CONCATENATE(AHS!$AG$24,"-"),""),IF(AHS!$AH$25=$D2,CONCATENATE(AHS!$AG$25,"-"),""),IF(AHS!$AH$26=$D2,CONCATENATE(AHS!$AG$26,"-"),""),IF(AHS!$AH$27=$D2,CONCATENATE(AHS!$AG$27,"-"),""),IF(AHS!$AH$28=$D2,CONCATENATE(AHS!$AG$28,"-"),""),IF(AHS!$AH$29=$D2,CONCATENATE(AHS!$AG$29,"-"),""),IF(AHS!$AH$30=$D2,CONCATENATE(AHS!$AG$30,"-"),""),IF(AHS!$AH$31=$D2,CONCATENATE(AHS!$AG$31,"-"),""),IF(AHS!$AH$32=$D2,CONCATENATE(AHS!$AG$32,"-"),"")) | N2: =CONCATENATE(F2,G2,H2,I2,J2,K2,L2,M2) | P2: Place | Q2: Score | R2: School | S2: Team | T2: Names
A3: =IF(B3="","",COUNTIF($B$1:B2,B3)+B3) | B3: =IF(E3="","",RANK(E3,$E$1:$E$100)) | C3: 1 | D3: 3 | E3: =IF(AHS!$C$6="","",AHS!$C$6) | F3: =CONCATENATE(IF(AHS!$J$13=$D3,CONCATENATE(AHS!$I$13,"-"),""),IF(AHS!$J$14=$D3,CONCATENATE(AHS!$I$14,"-"),""),IF(AHS!$J$15=$D3,CONCATENATE(AHS!$I$15,"-"),""),IF(AHS!$J$16=$D3,CONCATENATE(AHS!$I$16,"-"),""),IF(AHS!$J$17=$D3,CONCATENATE(AHS!$I$17,"-"),""),IF(AHS!$J$18=$D3,CONCATENATE(AHS!$I$18,"-"),""),IF(AHS!$J$19=$D3,CONCATENATE(AHS!$I$19,"-"),""),IF(AHS!$J$20=$D3,CONCATENATE(AHS!$I$20,"-"),""),IF(AHS!$J$21=$D3,CONCATENATE(AHS!$I$21,"-"),""),IF(AHS!$J$22=$D3,CONCATENATE(AHS!$I$22,"-"),""),) | G3: =CONCATENATE(IF(AHS!$J$23=$D3,CONCATENATE(AHS!$I$23,"-"),""),IF(AHS!$J$24=$D3,CONCATENATE(AHS!$I$24,"-"),""),IF(AHS!$J$25=$D3,CONCATENATE(AHS!$I$25,"-"),""),IF(AHS!$J$26=$D3,CONCATENATE(AHS!$I$26,"-"),""),IF(AHS!$J$27=$D3,CONCATENATE(AHS!$I$27,"-"),""),IF(AHS!$J$28=$D3,CONCATENATE(AHS!$I$28,"-"),""),IF(AHS!$J$29=$D3,CONCATENATE(AHS!$I$29,"-"),""),IF(AHS!$J$30=$D3,CONCATENATE(AHS!$I$30,"-"),""),IF(AHS!$J$31=$D3,CONCATENATE(AHS!$I$31,"-"),""),IF(AHS!$J$32=$D3,CONCATENATE(AHS!$I$32,"-"),"")) | H3: =CONCATENATE(IF(AHS!$R$13=$D3,CONCATENATE(AHS!$Q$13,"-"),""),IF(AHS!$R$14=$D3,CONCATENATE(AHS!$Q$14,"-"),""),IF(AHS!$R$15=$D3,CONCATENATE(AHS!$Q$15,"-"),""),IF(AHS!$R$16=$D3,CONCATENATE(AHS!$Q$16,"-"),""),IF(AHS!$R$17=$D3,CONCATENATE(AHS!$Q$17,"-"),""),IF(AHS!$R$18=$D3,CONCATENATE(AHS!$Q$18,"-"),""),IF(AHS!$R$19=$D3,CONCATENATE(AHS!$Q$19,"-"),""),IF(AHS!$R$20=$D3,CONCATENATE(AHS!$Q$20,"-"),""),IF(AHS!$R$21=$D3,CONCATENATE(AHS!$Q$21,"-"),""),IF(AHS!$R$22=$D3,CONCATENATE(AHS!$Q$22,"-"),"")) | I3: =CONCATENATE(,IF(AHS!$R$23=$D3,CONCATENATE(AHS!$Q$23,"-"),""),IF(AHS!$R$24=$D3,CONCATENATE(AHS!$Q$24,"-"),""),IF(AHS!$R$25=$D3,CONCATENATE(AHS!$Q$25,"-"),""),IF(AHS!$R$26=$D3,CONCATENATE(AHS!$Q$26,"-"),""),IF(AHS!$R$27=$D3,CONCATENATE(AHS!$Q$27,"-"),""),IF(AHS!$R$28=$D3,CONCATENATE(AHS!$Q$28,"-"),""),IF(AHS!$R$29=$D3,CONCATENATE(AHS!$Q$29,"-"),""),IF(AHS!$R$30=$D3,CONCATENATE(AHS!$Q$30,"-"),""),IF(AHS!$R$31=$D3,CONCATENATE(AHS!$Q$31,"-"),""),IF(AHS!$R$32=$D3,CONCATENATE(AHS!$Q$32,"-"),"")) | J3: =CONCATENATE(IF(AHS!$Z$13=$D3,CONCATENATE(AHS!$Y$13,"-"),""),IF(AHS!$Z$14=$D3,CONCATENATE(AHS!$Y$14,"-"),""),IF(AHS!$Z$15=$D3,CONCATENATE(AHS!$Y$15,"-"),""),IF(AHS!$Z$16=$D3,CONCATENATE(AHS!$Y$16,"-"),""),IF(AHS!$Z$17=$D3,CONCATENATE(AHS!$Y$17,"-"),""),IF(AHS!$Z$18=$D3,CONCATENATE(AHS!$Y$18,"-"),""),IF(AHS!$Z$19=$D3,CONCATENATE(AHS!$Y$19,"-"),""),IF(AHS!$Z$20=$D3,CONCATENATE(AHS!$Y$20,"-"),""),IF(AHS!$Z$21=$D3,CONCATENATE(AHS!$Y$21,"-"),""),IF(AHS!$Z$22=$D3,CONCATENATE(AHS!$Y$22,"-"),""),"") | K3: =CONCATENATE(IF(AHS!$Z$23=$D3,CONCATENATE(AHS!$Y$23,"-"),""),IF(AHS!$Z$24=$D3,CONCATENATE(AHS!$Y$24,"-"),""),IF(AHS!$Z$25=$D3,CONCATENATE(AHS!$Y$25,"-"),""),IF(AHS!$Z$26=$D3,CONCATENATE(AHS!$Y$26,"-"),""),IF(AHS!$Z$27=$D3,CONCATENATE(AHS!$Y$27,"-"),""),IF(AHS!$Z$28=$D3,CONCATENATE(AHS!$Y$28,"-"),""),IF(AHS!$Z$29=$D3,CONCATENATE(AHS!$Y$29,"-"),""),IF(AHS!$Z$30=$D3,CONCATENATE(AHS!$Y$30,"-"),""),IF(AHS!$Z$31=$D3,CONCATENATE(AHS!$Y$31,"-"),""),IF(AHS!$Z$32=$D3,CONCATENATE(AHS!$Y$32,"-"),"")) | L3: =CONCATENATE(IF(AHS!$AH$13=$D3,CONCATENATE(AHS!$AG$13,"-"),""),IF(AHS!$AH$14=$D3,CONCATENATE(AHS!$AG$14,"-"),""),IF(AHS!$AH$15=$D3,CONCATENATE(AHS!$AG$15,"-"),""),IF(AHS!$AH$16=$D3,CONCATENATE(AHS!$AG$16,"-"),""),IF(AHS!$AH$17=$D3,CONCATENATE(AHS!$AG$17,"-"),""),IF(AHS!$AH$18=$D3,CONCATENATE(AHS!$AG$18,"-"),""),IF(AHS!$AH$19=$D3,CONCATENATE(AHS!$AG$19,"-"),""),IF(AHS!$AH$20=$D3,CONCATENATE(AHS!$AG$20,"-"),""),IF(AHS!$AH$21=$D3,CONCATENATE(AHS!$AG$21,"-"),""),IF(AHS!$AH$22=$D3,CONCATENATE(AHS!$AG$22,"-"),""),"") | M3: =CONCATENATE(IF(AHS!$AH$23=$D3,CONCATENATE(AHS!$AG$23,"-"),""),IF(AHS!$AH$24=$D3,CONCATENATE(AHS!$AG$24,"-"),""),IF(AHS!$AH$25=$D3,CONCATENATE(AHS!$AG$25,"-"),""),IF(AHS!$AH$26=$D3,CONCATENATE(AHS!$AG$26,"-"),""),IF(AHS!$AH$27=$D3,CONCATENATE(AHS!$AG$27,"-"),""),IF(AHS!$AH$28=$D3,CONCATENATE(AHS!$AG$28,"-"),""),IF(AHS!$AH$29=$D3,CONCATENATE(AHS!$AG$29,"-"),""),IF(AHS!$AH$30=$D3,CONCATENATE(AHS!$AG$30,"-"),""),IF(AHS!$AH$31=$D3,CONCATENATE(AHS!$AG$31,"-"),""),IF(AHS!$AH$32=$D3,CONCATENATE(AHS!$AG$32,"-"),"")) | N3: =CONCATENATE(F3,G3,H3,I3,J3,K3,L3,M3) | O3: 1 | P3: =IF(ISERROR(VLOOKUP($O3,$A$1:$B$100,2,FALSE)),"",VLOOKUP($O3,$A$1:$B$100,2,FALSE)) -> 1 | Q3: =IF(P3="","",VLOOKUP($O3,$A$1:$E$100,5,FALSE)) -> 53.5 | R3: =IF(P3="","",CHOOSE(VLOOKUP($O3,$A$1:$C$100,3,FALSE),AHS!$M$1,BHS!$M$1,CHS!$M$1,HMJHS!$M$1,KHS!$M$1,Kings!$M$1,MHS!$M$1,SWHS!$M$1,AMHS!$M$1,'S10'!$M$1,'S11'!$M$1,'S12'!$M$1,'S13'!$M$1,'S14'!$M$1,'S15'!$M$1,'S16'!$M$1,'S17'!$M$1,'S18'!$M$1,'S19'!$M$1,'S20'!$M$1)) -> Cascade High School | S3: =IF(P3="","",VLOOKUP($O3,$A$1:$E$100,4,FALSE)) -> 1 | T3: =IF(P3="","",VLOOKUP($O3,$A$1:$N$100,14,FALSE)) -> Jacob Hopkins-Nathan Kim-
A4: =IF(B4="","",COUNTIF($B$1:B3,B4)+B4) | B4: =IF(E4="","",RANK(E4,$E$1:$E$100)) | C4: 1 | D4: 4 | E4: =IF(AHS!$C$7="","",AHS!$C$7) | F4: =CONCATENATE(IF(AHS!$J$13=$D4,CONCATENATE(AHS!$I$13,"-"),""),IF(AHS!$J$14=$D4,CONCATENATE(AHS!$I$14,"-"),""),IF(AHS!$J$15=$D4,CONCATENATE(AHS!$I$15,"-"),""),IF(AHS!$J$16=$D4,CONCATENATE(AHS!$I$16,"-"),""),IF(AHS!$J$17=$D4,CONCATENATE(AHS!$I$17,"-"),""),IF(AHS!$J$18=$D4,CONCATENATE(AHS!$I$18,"-"),""),IF(AHS!$J$19=$D4,CONCATENATE(AHS!$I$19,"-"),""),IF(AHS!$J$20=$D4,CONCATENATE(AHS!$I$20,"-"),""),IF(AHS!$J$21=$D4,CONCATENATE(AHS!$I$21,"-"),""),IF(AHS!$J$22=$D4,CONCATENATE(AHS!$I$22,"-"),""),) | G4: =CONCATENATE(IF(AHS!$J$23=$D4,CONCATENATE(AHS!$I$23,"-"),""),IF(AHS!$J$24=$D4,CONCATENATE(AHS!$I$24,"-"),""),IF(AHS!$J$25=$D4,CONCATENATE(AHS!$I$25,"-"),""),IF(AHS!$J$26=$D4,CONCATENATE(AHS!$I$26,"-"),""),IF(AHS!$J$27=$D4,CONCATENATE(AHS!$I$27,"-"),""),IF(AHS!$J$28=$D4,CONCATENATE(AHS!$I$28,"-"),""),IF(AHS!$J$29=$D4,CONCATENATE(AHS!$I$29,"-"),""),IF(AHS!$J$30=$D4,CONCATENATE(AHS!$I$30,"-"),""),IF(AHS!$J$31=$D4,CONCATENATE(AHS!$I$31,"-"),""),IF(AHS!$J$32=$D4,CONCATENATE(AHS!$I$32,"-"),"")) | H4: =CONCATENATE(IF(AHS!$R$13=$D4,CONCATENATE(AHS!$Q$13,"-"),""),IF(AHS!$R$14=$D4,CONCATENATE(AHS!$Q$14,"-"),""),IF(AHS!$R$15=$D4,CONCATENATE(AHS!$Q$15,"-"),""),IF(AHS!$R$16=$D4,CONCATENATE(AHS!$Q$16,"-"),""),IF(AHS!$R$17=$D4,CONCATENATE(AHS!$Q$17,"-"),""),IF(AHS!$R$18=$D4,CONCATENATE(AHS!$Q$18,"-"),""),IF(AHS!$R$19=$D4,CONCATENATE(AHS!$Q$19,"-"),""),IF(AHS!$R$20=$D4,CONCATENATE(AHS!$Q$20,"-"),""),IF(AHS!$R$21=$D4,CONCATENATE(AHS!$Q$21,"-"),""),IF(AHS!$R$22=$D4,CONCATENATE(AHS!$Q$22,"-"),"")) | I4: =CONCATENATE(,IF(AHS!$R$23=$D4,CONCATENATE(AHS!$Q$23,"-"),""),IF(AHS!$R$24=$D4,CONCATENATE(AHS!$Q$24,"-"),""),IF(AHS!$R$25=$D4,CONCATENATE(AHS!$Q$25,"-"),""),IF(AHS!$R$26=$D4,CONCATENATE(AHS!$Q$26,"-"),""),IF(AHS!$R$27=$D4,CONCATENATE(AHS!$Q$27,"-"),""),IF(AHS!$R$28=$D4,CONCATENATE(AHS!$Q$28,"-"),""),IF(AHS!$R$29=$D4,CONCATENATE(AHS!$Q$29,"-"),""),IF(AHS!$R$30=$D4,CONCATENATE(AHS!$Q$30,"-"),""),IF(AHS!$R$31=$D4,CONCATENATE(AHS!$Q$31,"-"),""),IF(AHS!$R$32=$D4,CONCATENATE(AHS!$Q$32,"-"),"")) | J4: =CONCATENATE(IF(AHS!$Z$13=$D4,CONCATENATE(AHS!$Y$13,"-"),""),IF(AHS!$Z$14=$D4,CONCATENATE(AHS!$Y$14,"-"),""),IF(AHS!$Z$15=$D4,CONCATENATE(AHS!$Y$15,"-"),""),IF(AHS!$Z$16=$D4,CONCATENATE(AHS!$Y$16,"-"),""),IF(AHS!$Z$17=$D4,CONCATENATE(AHS!$Y$17,"-"),""),IF(AHS!$Z$18=$D4,CONCATENATE(AHS!$Y$18,"-"),""),IF(AHS!$Z$19=$D4,CONCATENATE(AHS!$Y$19,"-"),""),IF(AHS!$Z$20=$D4,CONCATENATE(AHS!$Y$20,"-"),""),IF(AHS!$Z$21=$D4,CONCATENATE(AHS!$Y$21,"-"),""),IF(AHS!$Z$22=$D4,CONCATENATE(AHS!$Y$22,"-"),""),"") | K4: =CONCATENATE(IF(AHS!$Z$23=$D4,CONCATENATE(AHS!$Y$23,"-"),""),IF(AHS!$Z$24=$D4,CONCATENATE(AHS!$Y$24,"-"),""),IF(AHS!$Z$25=$D4,CONCATENATE(AHS!$Y$25,"-"),""),IF(AHS!$Z$26=$D4,CONCATENATE(AHS!$Y$26,"-"),""),IF(AHS!$Z$27=$D4,CONCATENATE(AHS!$Y$27,"-"),""),IF(AHS!$Z$28=$D4,CONCATENATE(AHS!$Y$28,"-"),""),IF(AHS!$Z$29=$D4,CONCATENATE(AHS!$Y$29,"-"),""),IF(AHS!$Z$30=$D4,CONCATENATE(AHS!$Y$30,"-"),""),IF(AHS!$Z$31=$D4,CONCATENATE(AHS!$Y$31,"-"),""),IF(AHS!$Z$32=$D4,CONCATENATE(AHS!$Y$32,"-"),"")) | L4: =CONCATENATE(IF(AHS!$AH$13=$D4,CONCATENATE(AHS!$AG$13,"-"),""),IF(AHS!$AH$14=$D4,CONCATENATE(AHS!$AG$14,"-"),""),IF(AHS!$AH$15=$D4,CONCATENATE(AHS!$AG$15,"-"),""),IF(AHS!$AH$16=$D4,CONCATENATE(AHS!$AG$16,"-"),""),IF(AHS!$AH$17=$D4,CONCATENATE(AHS!$AG$17,"-"),""),IF(AHS!$AH$18=$D4,CONCATENATE(AHS!$AG$18,"-"),""),IF(AHS!$AH$19=$D4,CONCATENATE(AHS!$AG$19,"-"),""),IF(AHS!$AH$20=$D4,CONCATENATE(AHS!$AG$20,"-"),""),IF(AHS!$AH$21=$D4,CONCATENATE(AHS!$AG$21,"-"),""),IF(AHS!$AH$22=$D4,CONCATENATE(AHS!$AG$22,"-"),""),"") | M4: =CONCATENATE(IF(AHS!$AH$23=$D4,CONCATENATE(AHS!$AG$23,"-"),""),IF(AHS!$AH$24=$D4,CONCATENATE(AHS!$AG$24,"-"),""),IF(AHS!$AH$25=$D4,CONCATENATE(AHS!$AG$25,"-"),""),IF(AHS!$AH$26=$D4,CONCATENATE(AHS!$AG$26,"-"),""),IF(AHS!$AH$27=$D4,CONCATENATE(AHS!$AG$27,"-"),""),IF(AHS!$AH$28=$D4,CONCATENATE(AHS!$AG$28,"-"),""),IF(AHS!$AH$29=$D4,CONCATENATE(AHS!$AG$29,"-"),""),IF(AHS!$AH$30=$D4,CONCATENATE(AHS!$AG$30,"-"),""),IF(AHS!$AH$31=$D4,CONCATENATE(AHS!$AG$31,"-"),""),IF(AHS!$AH$32=$D4,CONCATENATE(AHS!$AG$32,"-"),"")) | N4: =CONCATENATE(F4,G4,H4,I4,J4,K4,L4,M4) | O4: 2 | P4: =IF(ISERROR(VLOOKUP($O4,$A$1:$B$100,2,FALSE)),"",VLOOKUP($O4,$A$1:$B$100,2,FALSE)) -> 2 | Q4: =IF(P4="","",VLOOKUP($O4,$A$1:$E$100,5,FALSE)) -> 50.5 | R4: =IF(P4="","",CHOOSE(VLOOKUP($O4,$A$1:$C$100,3,FALSE),AHS!$M$1,BHS!$M$1,CHS!$M$1,HMJHS!$M$1,KHS!$M$1,Kings!$M$1,MHS!$M$1,SWHS!$M$1,AMHS!$M$1,'S10'!$M$1,'S11'!$M$1,'S12'!$M$1,'S13'!$M$1,'S14'!$M$1,'S15'!$M$1,'S16'!$M$1,'S17'!$M$1,'S18'!$M$1,'S19'!$M$1,'S20'!$M$1)) -> King's High School | S4: =IF(P4="","",VLOOKUP($O4,$A$1:$E$100,4,FALSE)) -> 1 | T4: =IF(P4="","",VLOOKUP($O4,$A$1:$N$100,14,FALSE)) -> Sophia Liao-Chloe Byun-
A5: =IF(B5="","",COUNTIF($B$1:B4,B5)+B5) | B5: =IF(E5="","",RANK(E5,$E$1:$E$100)) | C5: 1 | D5: 5 | E5: =IF(AHS!$C$8="","",AHS!$C$8) | F5: =CONCATENATE(IF(AHS!$J$13=$D5,CONCATENATE(AHS!$I$13,"-"),""),IF(AHS!$J$14=$D5,CONCATENATE(AHS!$I$14,"-"),""),IF(AHS!$J$15=$D5,CONCATENATE(AHS!$I$15,"-"),""),IF(AHS!$J$16=$D5,CONCATENATE(AHS!$I$16,"-"),""),IF(AHS!$J$17=$D5,CONCATENATE(AHS!$I$17,"-"),""),IF(AHS!$J$18=$D5,CONCATENATE(AHS!$I$18,"-"),""),IF(AHS!$J$19=$D5,CONCATENATE(AHS!$I$19,"-"),""),IF(AHS!$J$20=$D5,CONCATENATE(AHS!$I$20,"-"),""),IF(AHS!$J$21=$D5,CONCATENATE(AHS!$I$21,"-"),""),IF(AHS!$J$22=$D5,CONCATENATE(AHS!$I$22,"-"),""),) | G5: =CONCATENATE(IF(AHS!$J$23=$D5,CONCATENATE(AHS!$I$23,"-"),""),IF(AHS!$J$24=$D5,CONCATENATE(AHS!$I$24,"-"),""),IF(AHS!$J$25=$D5,CONCATENATE(AHS!$I$25,"-"),""),IF(AHS!$J$26=$D5,CONCATENATE(AHS!$I$26,"-"),""),IF(AHS!$J$27=$D5,CONCATENATE(AHS!$I$27,"-"),""),IF(AHS!$J$28=$D5,CONCATENATE(AHS!$I$28,"-"),""),IF(AHS!$J$29=$D5,CONCATENATE(AHS!$I$29,"-"),""),IF(AHS!$J$30=$D5,CONCATENATE(AHS!$I$30,"-"),""),IF(AHS!$J$31=$D5,CONCATENATE(AHS!$I$31,"-"),""),IF(AHS!$J$32=$D5,CONCATENATE(AHS!$I$32,"-"),"")) | H5: =CONCATENATE(IF(AHS!$R$13=$D5,CONCATENATE(AHS!$Q$13,"-"),""),IF(AHS!$R$14=$D5,CONCATENATE(AHS!$Q$14,"-"),""),IF(AHS!$R$15=$D5,CONCATENATE(AHS!$Q$15,"-"),""),IF(AHS!$R$16=$D5,CONCATENATE(AHS!$Q$16,"-"),""),IF(AHS!$R$17=$D5,CONCATENATE(AHS!$Q$17,"-"),""),IF(AHS!$R$18=$D5,CONCATENATE(AHS!$Q$18,"-"),""),IF(AHS!$R$19=$D5,CONCATENATE(AHS!$Q$19,"-"),""),IF(AHS!$R$20=$D5,CONCATENATE(AHS!$Q$20,"-"),""),IF(AHS!$R$21=$D5,CONCATENATE(AHS!$Q$21,"-"),""),IF(AHS!$R$22=$D5,CONCATENATE(AHS!$Q$22,"-"),"")) | I5: =CONCATENATE(,IF(AHS!$R$23=$D5,CONCATENATE(AHS!$Q$23,"-"),""),IF(AHS!$R$24=$D5,CONCATENATE(AHS!$Q$24,"-"),""),IF(AHS!$R$25=$D5,CONCATENATE(AHS!$Q$25,"-"),""),IF(AHS!$R$26=$D5,CONCATENATE(AHS!$Q$26,"-"),""),IF(AHS!$R$27=$D5,CONCATENATE(AHS!$Q$27,"-"),""),IF(AHS!$R$28=$D5,CONCATENATE(AHS!$Q$28,"-"),""),IF(AHS!$R$29=$D5,CONCATENATE(AHS!$Q$29,"-"),""),IF(AHS!$R$30=$D5,CONCATENATE(AHS!$Q$30,"-"),""),IF(AHS!$R$31=$D5,CONCATENATE(AHS!$Q$31,"-"),""),IF(AHS!$R$32=$D5,CONCATENATE(AHS!$Q$32,"-"),"")) | J5: =CONCATENATE(IF(AHS!$Z$13=$D5,CONCATENATE(AHS!$Y$13,"-"),""),IF(AHS!$Z$14=$D5,CONCATENATE(AHS!$Y$14,"-"),""),IF(AHS!$Z$15=$D5,CONCATENATE(AHS!$Y$15,"-"),""),IF(AHS!$Z$16=$D5,CONCATENATE(AHS!$Y$16,"-"),""),IF(AHS!$Z$17=$D5,CONCATENATE(AHS!$Y$17,"-"),""),IF(AHS!$Z$18=$D5,CONCATENATE(AHS!$Y$18,"-"),""),IF(AHS!$Z$19=$D5,CONCATENATE(AHS!$Y$19,"-"),""),IF(AHS!$Z$20=$D5,CONCATENATE(AHS!$Y$20,"-"),""),IF(AHS!$Z$21=$D5,CONCATENATE(AHS!$Y$21,"-"),""),IF(AHS!$Z$22=$D5,CONCATENATE(AHS!$Y$22,"-"),""),"") | K5: =CONCATENATE(IF(AHS!$Z$23=$D5,CONCATENATE(AHS!$Y$23,"-"),""),IF(AHS!$Z$24=$D5,CONCATENATE(AHS!$Y$24,"-"),""),IF(AHS!$Z$25=$D5,CONCATENATE(AHS!$Y$25,"-"),""),IF(AHS!$Z$26=$D5,CONCATENATE(AHS!$Y$26,"-"),""),IF(AHS!$Z$27=$D5,CONCATENATE(AHS!$Y$27,"-"),""),IF(AHS!$Z$28=$D5,CONCATENATE(AHS!$Y$28,"-"),""),IF(AHS!$Z$29=$D5,CONCATENATE(AHS!$Y$29,"-"),""),IF(AHS!$Z$30=$D5,CONCATENATE(AHS!$Y$30,"-"),""),IF(AHS!$Z$31=$D5,CONCATENATE(AHS!$Y$31,"-"),""),IF(AHS!$Z$32=$D5,CONCATENATE(AHS!$Y$32,"-"),"")) | L5: =CONCATENATE(IF(AHS!$AH$13=$D5,CONCATENATE(AHS!$AG$13,"-"),""),IF(AHS!$AH$14=$D5,CONCATENATE(AHS!$AG$14,"-"),""),IF(AHS!$AH$15=$D5,CONCATENATE(AHS!$AG$15,"-"),""),IF(AHS!$AH$16=$D5,CONCATENATE(AHS!$AG$16,"-"),""),IF(AHS!$AH$17=$D5,CONCATENATE(AHS!$AG$17,"-"),""),IF(AHS!$AH$18=$D5,CONCATENATE(AHS!$AG$18,"-"),""),IF(AHS!$AH$19=$D5,CONCATENATE(AHS!$AG$19,"-"),""),IF(AHS!$AH$20=$D5,CONCATENATE(AHS!$AG$20,"-"),""),IF(AHS!$AH$21=$D5,CONCATENATE(AHS!$AG$21,"-"),""),IF(AHS!$AH$22=$D5,CONCATENATE(AHS!$AG$22,"-"),""),"") | M5: =CONCATENATE(IF(AHS!$AH$23=$D5,CONCATENATE(AHS!$AG$23,"-"),""),IF(AHS!$AH$24=$D5,CONCATENATE(AHS!$AG$24,"-"),""),IF(AHS!$AH$25=$D5,CONCATENATE(AHS!$AG$25,"-"),""),IF(AHS!$AH$26=$D5,CONCATENATE(AHS!$AG$26,"-"),""),IF(AHS!$AH$27=$D5,CONCATENATE(AHS!$AG$27,"-"),""),IF(AHS!$AH$28=$D5,CONCATENATE(AHS!$AG$28,"-"),""),IF(AHS!$AH$29=$D5,CONCATENATE(AHS!$AG$29,"-"),""),IF(AHS!$AH$30=$D5,CONCATENATE(AHS!$AG$30,"-"),""),IF(AHS!$AH$31=$D5,CONCATENATE(AHS!$AG$31,"-"),""),IF(AHS!$AH$32=$D5,CONCATENATE(AHS!$AG$32,"-"),"")) | N5: =CONCATENATE(F5,G5,H5,I5,J5,K5,L5,M5) | O5: 3 | P5: =IF(ISERROR(VLOOKUP($O5,$A$1:$B$100,2,FALSE)),"",VLOOKUP($O5,$A$1:$B$100,2,FALSE)) | Q5: =IF(P5="","",VLOOKUP($O5,$A$1:$E$100,5,FALSE)) | R5: =IF(P5="","",CHOOSE(VLOOKUP($O5,$A$1:$C$100,3,FALSE),AHS!$M$1,BHS!$M$1,CHS!$M$1,HMJHS!$M$1,KHS!$M$1,Kings!$M$1,MHS!$M$1,SWHS!$M$1,AMHS!$M$1,'S10'!$M$1,'S11'!$M$1,'S12'!$M$1,'S13'!$M$1,'S14'!$M$1,'S15'!$M$1,'S16'!$M$1,'S17'!$M$1,'S18'!$M$1,'S19'!$M$1,'S20'!$M$1)) | S5: =IF(P5="","",VLOOKUP($O5,$A$1:$E$100,4,FALSE)) | T5: =IF(P5="","",VLOOKUP($O5,$A$1:$N$100,14,FALSE))
A6: =IF(B6="","",COUNTIF($B$1:B5,B6)+B6) | B6: =IF(E6="","",RANK(E6,$E$1:$E$100)) | C6: 2 | D6: 1 | E6: =IF(BHS!$C$4="","",BHS!$C$4) | F6: =CONCATENATE(IF(BHS!$J$13=$D6,CONCATENATE(BHS!$I$13,"-"),""),IF(BHS!$J$14=$D6,CONCATENATE(BHS!$I$14,"-"),""),IF(BHS!$J$15=$D6,CONCATENATE(BHS!$I$15,"-"),""),IF(BHS!$J$16=$D6,CONCATENATE(BHS!$I$16,"-"),""),IF(BHS!$J$17=$D6,CONCATENATE(BHS!$I$17,"-"),""),IF(BHS!$J$18=$D6,CONCATENATE(BHS!$I$18,"-"),""),IF(BHS!$J$19=$D6,CONCATENATE(BHS!$I$19,"-"),""),IF(BHS!$J$20=$D6,CONCATENATE(BHS!$I$20,"-"),""),IF(BHS!$J$21=$D6,CONCATENATE(BHS!$I$21,"-"),""),IF(BHS!$J$22=$D6,CONCATENATE(BHS!$I$22,"-"),""),) | G6: =CONCATENATE(IF(BHS!$J$23=$D6,CONCATENATE(BHS!$I$23,"-"),""),IF(BHS!$J$24=$D6,CONCATENATE(BHS!$I$24,"-"),""),IF(BHS!$J$25=$D6,CONCATENATE(BHS!$I$25,"-"),""),IF(BHS!$J$26=$D6,CONCATENATE(BHS!$I$26,"-"),""),IF(BHS!$J$27=$D6,CONCATENATE(BHS!$I$27,"-"),""),IF(BHS!$J$28=$D6,CONCATENATE(BHS!$I$28,"-"),""),IF(BHS!$J$29=$D6,CONCATENATE(BHS!$I$29,"-"),""),IF(BHS!$J$30=$D6,CONCATENATE(BHS!$I$30,"-"),""),IF(BHS!$J$31=$D6,CONCATENATE(BHS!$I$31,"-"),""),IF(BHS!$J$32=$D6,CONCATENATE(BHS!$I$32,"-"),"")) | H6: =CONCATENATE(IF(BHS!$R$13=$D6,CONCATENATE(BHS!$Q$13,"-"),""),IF(BHS!$R$14=$D6,CONCATENATE(BHS!$Q$14,"-"),""),IF(BHS!$R$15=$D6,CONCATENATE(BHS!$Q$15,"-"),""),IF(BHS!$R$16=$D6,CONCATENATE(BHS!$Q$16,"-"),""),IF(BHS!$R$17=$D6,CONCATENATE(BHS!$Q$17,"-"),""),IF(BHS!$R$18=$D6,CONCATENATE(BHS!$Q$18,"-"),""),IF(BHS!$R$19=$D6,CONCATENATE(BHS!$Q$19,"-"),""),IF(BHS!$R$20=$D6,CONCATENATE(BHS!$Q$20,"-"),""),IF(BHS!$R$21=$D6,CONCATENATE(BHS!$Q$21,"-"),""),IF(BHS!$R$22=$D6,CONCATENATE(BHS!$Q$22,"-"),"")) | I6: =CONCATENATE(,IF(BHS!$R$23=$D6,CONCATENATE(BHS!$Q$23,"-"),""),IF(BHS!$R$24=$D6,CONCATENATE(BHS!$Q$24,"-"),""),IF(BHS!$R$25=$D6,CONCATENATE(BHS!$Q$25,"-"),""),IF(BHS!$R$26=$D6,CONCATENATE(BHS!$Q$26,"-"),""),IF(BHS!$R$27=$D6,CONCATENATE(BHS!$Q$27,"-"),""),IF(BHS!$R$28=$D6,CONCATENATE(BHS!$Q$28,"-"),""),IF(BHS!$R$29=$D6,CONCATENATE(BHS!$Q$29,"-"),""),IF(BHS!$R$30=$D6,CONCATENATE(BHS!$Q$30,"-"),""),IF(BHS!$R$31=$D6,CONCATENATE(BHS!$Q$31,"-"),""),IF(BHS!$R$32=$D6,CONCATENATE(BHS!$Q$32,"-"),"")) | J6: =CONCATENATE(IF(BHS!$Z$13=$D6,CONCATENATE(BHS!$Y$13,"-"),""),IF(BHS!$Z$14=$D6,CONCATENATE(BHS!$Y$14,"-"),""),IF(BHS!$Z$15=$D6,CONCATENATE(BHS!$Y$15,"-"),""),IF(BHS!$Z$16=$D6,CONCATENATE(BHS!$Y$16,"-"),""),IF(BHS!$Z$17=$D6,CONCATENATE(BHS!$Y$17,"-"),""),IF(BHS!$Z$18=$D6,CONCATENATE(BHS!$Y$18,"-"),""),IF(BHS!$Z$19=$D6,CONCATENATE(BHS!$Y$19,"-"),""),IF(BHS!$Z$20=$D6,CONCATENATE(BHS!$Y$20,"-"),""),IF(BHS!$Z$21=$D6,CONCATENATE(BHS!$Y$21,"-"),""),IF(BHS!$Z$22=$D6,CONCATENATE(BHS!$Y$22,"-"),""),"") | K6: =CONCATENATE(IF(BHS!$Z$23=$D6,CONCATENATE(BHS!$Y$23,"-"),""),IF(BHS!$Z$24=$D6,CONCATENATE(BHS!$Y$24,"-"),""),IF(BHS!$Z$25=$D6,CONCATENATE(BHS!$Y$25,"-"),""),IF(BHS!$Z$26=$D6,CONCATENATE(BHS!$Y$26,"-"),""),IF(BHS!$Z$27=$D6,CONCATENATE(BHS!$Y$27,"-"),""),IF(BHS!$Z$28=$D6,CONCATENATE(BHS!$Y$28,"-"),""),IF(BHS!$Z$29=$D6,CONCATENATE(BHS!$Y$29,"-"),""),IF(BHS!$Z$30=$D6,CONCATENATE(BHS!$Y$30,"-"),""),IF(BHS!$Z$31=$D6,CONCATENATE(BHS!$Y$31,"-"),""),IF(BHS!$Z$32=$D6,CONCATENATE(BHS!$Y$32,"-"),"")) | L6: =CONCATENATE(IF(BHS!$AH$13=$D6,CONCATENATE(BHS!$AG$13,"-"),""),IF(BHS!$AH$14=$D6,CONCATENATE(BHS!$AG$14,"-"),""),IF(BHS!$AH$15=$D6,CONCATENATE(BHS!$AG$15,"-"),""),IF(BHS!$AH$16=$D6,CONCATENATE(BHS!$AG$16,"-"),""),IF(BHS!$AH$17=$D6,CONCATENATE(BHS!$AG$17,"-"),""),IF(BHS!$AH$18=$D6,CONCATENATE(BHS!$AG$18,"-"),""),IF(BHS!$AH$19=$D6,CONCATENATE(BHS!$AG$19,"-"),""),IF(BHS!$AH$20=$D6,CONCATENATE(BHS!$AG$20,"-"),""),IF(BHS!$AH$21=$D6,CONCATENATE(BHS!$AG$21,"-"),""),IF(BHS!$AH$22=$D6,CONCATENATE(BHS!$AG$22,"-"),""),"") | M6: =CONCATENATE(IF(BHS!$AH$23=$D6,CONCATENATE(BHS!$AG$23,"-"),""),IF(BHS!$AH$24=$D6,CONCATENATE(BHS!$AG$24,"-"),""),IF(BHS!$AH$25=$D6,CONCATENATE(BHS!$AG$25,"-"),""),IF(BHS!$AH$26=$D6,CONCATENATE(BHS!$AG$26,"-"),""),IF(BHS!$AH$27=$D6,CONCATENATE(BHS!$AG$27,"-"),""),IF(BHS!$AH$28=$D6,CONCATENATE(BHS!$AG$28,"-"),""),IF(BHS!$AH$29=$D6,CONCATENATE(BHS!$AG$29,"-"),""),IF(BHS!$AH$30=$D6,CONCATENATE(BHS!$AG$30,"-"),""),IF(BHS!$AH$31=$D6,CONCATENATE(BHS!$AG$31,"-"),""),IF(BHS!$AH$32=$D6,CONCATENATE(BHS!$AG$32,"-"),"")) | N6: =CONCATENATE(F6,G6,H6,I6,J6,K6,L6,M6) | O6: 4 | P6: =IF(ISERROR(VLOOKUP($O6,$A$1:$B$100,2,FALSE)),"",VLOOKUP($O6,$A$1:$B$100,2,FALSE)) | Q6: =IF(P6="","",VLOOKUP($O6,$A$1:$E$100,5,FALSE)) | R6: =IF(P6="","",CHOOSE(VLOOKUP($O6,$A$1:$C$100,3,FALSE),AHS!$M$1,BHS!$M$1,CHS!$M$1,HMJHS!$M$1,KHS!$M$1,Kings!$M$1,MHS!$M$1,SWHS!$M$1,AMHS!$M$1,'S10'!$M$1,'S11'!$M$1,'S12'!$M$1,'S13'!$M$1,'S14'!$M$1,'S15'!$M$1,'S16'!$M$1,'S17'!$M$1,'S18'!$M$1,'S19'!$M$1,'S20'!$M$1)) | S6: =IF(P6="","",VLOOKUP($O6,$A$1:$E$100,4,FALSE)) | T6: =IF(P6="","",VLOOKUP($O6,$A$1:$N$100,14,FALSE))
A7: =IF(B7="","",COUNTIF($B$1:B6,B7)+B7) | B7: =IF(E7="","",RANK(E7,$E$1:$E$100)) | C7: 2 | D7: 2 | E7: =IF(BHS!$C$5="","",BHS!$C$5) | F7: =CONCATENATE(IF(BHS!$J$13=$D7,CONCATENATE(BHS!$I$13,"-"),""),IF(BHS!$J$14=$D7,CONCATENATE(BHS!$I$14,"-"),""),IF(BHS!$J$15=$D7,CONCATENATE(BHS!$I$15,"-"),""),IF(BHS!$J$16=$D7,CONCATENATE(BHS!$I$16,"-"),""),IF(BHS!$J$17=$D7,CONCATENATE(BHS!$I$17,"-"),""),IF(BHS!$J$18=$D7,CONCATENATE(BHS!$I$18,"-"),""),IF(BHS!$J$19=$D7,CONCATENATE(BHS!$I$19,"-"),""),IF(BHS!$J$20=$D7,CONCATENATE(BHS!$I$20,"-"),""),IF(BHS!$J$21=$D7,CONCATENATE(BHS!$I$21,"-"),""),IF(BHS!$J$22=$D7,CONCATENATE(BHS!$I$22,"-"),""),) | G7: =CONCATENATE(IF(BHS!$J$23=$D7,CONCATENATE(BHS!$I$23,"-"),""),IF(BHS!$J$24=$D7,CONCATENATE(BHS!$I$24,"-"),""),IF(BHS!$J$25=$D7,CONCATENATE(BHS!$I$25,"-"),""),IF(BHS!$J$26=$D7,CONCATENATE(BHS!$I$26,"-"),""),IF(BHS!$J$27=$D7,CONCATENATE(BHS!$I$27,"-"),""),IF(BHS!$J$28=$D7,CONCATENATE(BHS!$I$28,"-"),""),IF(BHS!$J$29=$D7,CONCATENATE(BHS!$I$29,"-"),""),IF(BHS!$J$30=$D7,CONCATENATE(BHS!$I$30,"-"),""),IF(BHS!$J$31=$D7,CONCATENATE(BHS!$I$31,"-"),""),IF(BHS!$J$32=$D7,CONCATENATE(BHS!$I$32,"-"),"")) | H7: =CONCATENATE(IF(BHS!$R$13=$D7,CONCATENATE(BHS!$Q$13,"-"),""),IF(BHS!$R$14=$D7,CONCATENATE(BHS!$Q$14,"-"),""),IF(BHS!$R$15=$D7,CONCATENATE(BHS!$Q$15,"-"),""),IF(BHS!$R$16=$D7,CONCATENATE(BHS!$Q$16,"-"),""),IF(BHS!$R$17=$D7,CONCATENATE(BHS!$Q$17,"-"),""),IF(BHS!$R$18=$D7,CONCATENATE(BHS!$Q$18,"-"),""),IF(BHS!$R$19=$D7,CONCATENATE(BHS!$Q$19,"-"),""),IF(BHS!$R$20=$D7,CONCATENATE(BHS!$Q$20,"-"),""),IF(BHS!$R$21=$D7,CONCATENATE(BHS!$Q$21,"-"),""),IF(BHS!$R$22=$D7,CONCATENATE(BHS!$Q$22,"-"),"")) | I7: =CONCATENATE(,IF(BHS!$R$23=$D7,CONCATENATE(BHS!$Q$23,"-"),""),IF(BHS!$R$24=$D7,CONCATENATE(BHS!$Q$24,"-"),""),IF(BHS!$R$25=$D7,CONCATENATE(BHS!$Q$25,"-"),""),IF(BHS!$R$26=$D7,CONCATENATE(BHS!$Q$26,"-"),""),IF(BHS!$R$27=$D7,CONCATENATE(BHS!$Q$27,"-"),""),IF(BHS!$R$28=$D7,CONCATENATE(BHS!$Q$28,"-"),""),IF(BHS!$R$29=$D7,CONCATENATE(BHS!$Q$29,"-"),""),IF(BHS!$R$30=$D7,CONCATENATE(BHS!$Q$30,"-"),""),IF(BHS!$R$31=$D7,CONCATENATE(BHS!$Q$31,"-"),""),IF(BHS!$R$32=$D7,CONCATENATE(BHS!$Q$32,"-"),"")) | J7: =CONCATENATE(IF(BHS!$Z$13=$D7,CONCATENATE(BHS!$Y$13,"-"),""),IF(BHS!$Z$14=$D7,CONCATENATE(BHS!$Y$14,"-"),""),IF(BHS!$Z$15=$D7,CONCATENATE(BHS!$Y$15,"-"),""),IF(BHS!$Z$16=$D7,CONCATENATE(BHS!$Y$16,"-"),""),IF(BHS!$Z$17=$D7,CONCATENATE(BHS!$Y$17,"-"),""),IF(BHS!$Z$18=$D7,CONCATENATE(BHS!$Y$18,"-"),""),IF(BHS!$Z$19=$D7,CONCATENATE(BHS!$Y$19,"-"),""),IF(BHS!$Z$20=$D7,CONCATENATE(BHS!$Y$20,"-"),""),IF(BHS!$Z$21=$D7,CONCATENATE(BHS!$Y$21,"-"),""),IF(BHS!$Z$22=$D7,CONCATENATE(BHS!$Y$22,"-"),""),"") | K7: =CONCATENATE(IF(BHS!$Z$23=$D7,CONCATENATE(BHS!$Y$23,"-"),""),IF(BHS!$Z$24=$D7,CONCATENATE(BHS!$Y$24,"-"),""),IF(BHS!$Z$25=$D7,CONCATENATE(BHS!$Y$25,"-"),""),IF(BHS!$Z$26=$D7,CONCATENATE(BHS!$Y$26,"-"),""),IF(BHS!$Z$27=$D7,CONCATENATE(BHS!$Y$27,"-"),""),IF(BHS!$Z$28=$D7,CONCATENATE(BHS!$Y$28,"-"),""),IF(BHS!$Z$29=$D7,CONCATENATE(BHS!$Y$29,"-"),""),IF(BHS!$Z$30=$D7,CONCATENATE(BHS!$Y$30,"-"),""),IF(BHS!$Z$31=$D7,CONCATENATE(BHS!$Y$31,"-"),""),IF(BHS!$Z$32=$D7,CONCATENATE(BHS!$Y$32,"-"),"")) | L7: =CONCATENATE(IF(BHS!$AH$13=$D7,CONCATENATE(BHS!$AG$13,"-"),""),IF(BHS!$AH$14=$D7,CONCATENATE(BHS!$AG$14,"-"),""),IF(BHS!$AH$15=$D7,CONCATENATE(BHS!$AG$15,"-"),""),IF(BHS!$AH$16=$D7,CONCATENATE(BHS!$AG$16,"-"),""),IF(BHS!$AH$17=$D7,CONCATENATE(BHS!$AG$17,"-"),""),IF(BHS!$AH$18=$D7,CONCATENATE(BHS!$AG$18,"-"),""),IF(BHS!$AH$19=$D7,CONCATENATE(BHS!$AG$19,"-"),""),IF(BHS!$AH$20=$D7,CONCATENATE(BHS!$AG$20,"-"),""),IF(BHS!$AH$21=$D7,CONCATENATE(BHS!$AG$21,"-"),""),IF(BHS!$AH$22=$D7,CONCATENATE(BHS!$AG$22,"-"),""),"") | M7: =CONCATENATE(IF(BHS!$AH$23=$D7,CONCATENATE(BHS!$AG$23,"-"),""),IF(BHS!$AH$24=$D7,CONCATENATE(BHS!$AG$24,"-"),""),IF(BHS!$AH$25=$D7,CONCATENATE(BHS!$AG$25,"-"),""),IF(BHS!$AH$26=$D7,CONCATENATE(BHS!$AG$26,"-"),""),IF(BHS!$AH$27=$D7,CONCATENATE(BHS!$AG$27,"-"),""),IF(BHS!$AH$28=$D7,CONCATENATE(BHS!$AG$28,"-"),""),IF(BHS!$AH$29=$D7,CONCATENATE(BHS!$AG$29,"-"),""),IF(BHS!$AH$30=$D7,CONCATENATE(BHS!$AG$30,"-"),""),IF(BHS!$AH$31=$D7,CONCATENATE(BHS!$AG$31,"-"),""),IF(BHS!$AH$32=$D7,CONCATENATE(BHS!$AG$32,"-"),"")) | N7: =CONCATENATE(F7,G7,H7,I7,J7,K7,L7,M7) | O7: 5 | P7: =IF(ISERROR(VLOOKUP($O7,$A$1:$B$100,2,FALSE)),"",VLOOKUP($O7,$A$1:$B$100,2,FALSE)) | Q7: =IF(P7="","",VLOOKUP($O7,$A$1:$E$100,5,FALSE)) | R7: =IF(P7="","",CHOOSE(VLOOKUP($O7,$A$1:$C$100,3,FALSE),AHS!$M$1,BHS!$M$1,CHS!$M$1,HMJHS!$M$1,KHS!$M$1,Kings!$M$1,MHS!$M$1,SWHS!$M$1,AMHS!$M$1,'S10'!$M$1,'S11'!$M$1,'S12'!$M$1,'S13'!$M$1,'S14'!$M$1,'S15'!$M$1,'S16'!$M$1,'S17'!$M$1,'S18'!$M$1,'S19'!$M$1,'S20'!$M$1)) | S7: =IF(P7="","",VLOOKUP($O7,$A$1:$E$100,4,FALSE)) | T7: =IF(P7="","",VLOOKUP($O7,$A$1:$N$100,14,FALSE))
A8: =IF(B8="","",COUNTIF($B$1:B7,B8)+B8) | B8: =IF(E8="","",RANK(E8,$E$1:$E$100)) | C8: 2 | D8: 3 | E8: =IF(BHS!$C$6="","",BHS!$C$6) | F8: =CONCATENATE(IF(BHS!$J$13=$D8,CONCATENATE(BHS!$I$13,"-"),""),IF(BHS!$J$14=$D8,CONCATENATE(BHS!$I$14,"-"),""),IF(BHS!$J$15=$D8,CONCATENATE(BHS!$I$15,"-"),""),IF(BHS!$J$16=$D8,CONCATENATE(BHS!$I$16,"-"),""),IF(BHS!$J$17=$D8,CONCATENATE(BHS!$I$17,"-"),""),IF(BHS!$J$18=$D8,CONCATENATE(BHS!$I$18,"-"),""),IF(BHS!$J$19=$D8,CONCATENATE(BHS!$I$19,"-"),""),IF(BHS!$J$20=$D8,CONCATENATE(BHS!$I$20,"-"),""),IF(BHS!$J$21=$D8,CONCATENATE(BHS!$I$21,"-"),""),IF(BHS!$J$22=$D8,CONCATENATE(BHS!$I$22,"-"),""),) | G8: =CONCATENATE(IF(BHS!$J$23=$D8,CONCATENATE(BHS!$I$23,"-"),""),IF(BHS!$J$24=$D8,CONCATENATE(BHS!$I$24,"-"),""),IF(BHS!$J$25=$D8,CONCATENATE(BHS!$I$25,"-"),""),IF(BHS!$J$26=$D8,CONCATENATE(BHS!$I$26,"-"),""),IF(BHS!$J$27=$D8,CONCATENATE(BHS!$I$27,"-"),""),IF(BHS!$J$28=$D8,CONCATENATE(BHS!$I$28,"-"),""),IF(BHS!$J$29=$D8,CONCATENATE(BHS!$I$29,"-"),""),IF(BHS!$J$30=$D8,CONCATENATE(BHS!$I$30,"-"),""),IF(BHS!$J$31=$D8,CONCATENATE(BHS!$I$31,"-"),""),IF(BHS!$J$32=$D8,CONCATENATE(BHS!$I$32,"-"),"")) | H8: =CONCATENATE(IF(BHS!$R$13=$D8,CONCATENATE(BHS!$Q$13,"-"),""),IF(BHS!$R$14=$D8,CONCATENATE(BHS!$Q$14,"-"),""),IF(BHS!$R$15=$D8,CONCATENATE(BHS!$Q$15,"-"),""),IF(BHS!$R$16=$D8,CONCATENATE(BHS!$Q$16,"-"),""),IF(BHS!$R$17=$D8,CONCATENATE(BHS!$Q$17,"-"),""),IF(BHS!$R$18=$D8,CONCATENATE(BHS!$Q$18,"-"),""),IF(BHS!$R$19=$D8,CONCATENATE(BHS!$Q$19,"-"),""),IF(BHS!$R$20=$D8,CONCATENATE(BHS!$Q$20,"-"),""),IF(BHS!$R$21=$D8,CONCATENATE(BHS!$Q$21,"-"),""),IF(BHS!$R$22=$D8,CONCATENATE(BHS!$Q$22,"-"),"")) | I8: =CONCATENATE(,IF(BHS!$R$23=$D8,CONCATENATE(BHS!$Q$23,"-"),""),IF(BHS!$R$24=$D8,CONCATENATE(BHS!$Q$24,"-"),""),IF(BHS!$R$25=$D8,CONCATENATE(BHS!$Q$25,"-"),""),IF(BHS!$R$26=$D8,CONCATENATE(BHS!$Q$26,"-"),""),IF(BHS!$R$27=$D8,CONCATENATE(BHS!$Q$27,"-"),""),IF(BHS!$R$28=$D8,CONCATENATE(BHS!$Q$28,"-"),""),IF(BHS!$R$29=$D8,CONCATENATE(BHS!$Q$29,"-"),""),IF(BHS!$R$30=$D8,CONCATENATE(BHS!$Q$30,"-"),""),IF(BHS!$R$31=$D8,CONCATENATE(BHS!$Q$31,"-"),""),IF(BHS!$R$32=$D8,CONCATENATE(BHS!$Q$32,"-"),"")) | J8: =CONCATENATE(IF(BHS!$Z$13=$D8,CONCATENATE(BHS!$Y$13,"-"),""),IF(BHS!$Z$14=$D8,CONCATENATE(BHS!$Y$14,"-"),""),IF(BHS!$Z$15=$D8,CONCATENATE(BHS!$Y$15,"-"),""),IF(BHS!$Z$16=$D8,CONCATENATE(BHS!$Y$16,"-"),""),IF(BHS!$Z$17=$D8,CONCATENATE(BHS!$Y$17,"-"),""),IF(BHS!$Z$18=$D8,CONCATENATE(BHS!$Y$18,"-"),""),IF(BHS!$Z$19=$D8,CONCATENATE(BHS!$Y$19,"-"),""),IF(BHS!$Z$20=$D8,CONCATENATE(BHS!$Y$20,"-"),""),IF(BHS!$Z$21=$D8,CONCATENATE(BHS!$Y$21,"-"),""),IF(BHS!$Z$22=$D8,CONCATENATE(BHS!$Y$22,"-"),""),"") | K8: =CONCATENATE(IF(BHS!$Z$23=$D8,CONCATENATE(BHS!$Y$23,"-"),""),IF(BHS!$Z$24=$D8,CONCATENATE(BHS!$Y$24,"-"),""),IF(BHS!$Z$25=$D8,CONCATENATE(BHS!$Y$25,"-"),""),IF(BHS!$Z$26=$D8,CONCATENATE(BHS!$Y$26,"-"),""),IF(BHS!$Z$27=$D8,CONCATENATE(BHS!$Y$27,"-"),""),IF(BHS!$Z$28=$D8,CONCATENATE(BHS!$Y$28,"-"),""),IF(BHS!$Z$29=$D8,CONCATENATE(BHS!$Y$29,"-"),""),IF(BHS!$Z$30=$D8,CONCATENATE(BHS!$Y$30,"-"),""),IF(BHS!$Z$31=$D8,CONCATENATE(BHS!$Y$31,"-"),""),IF(BHS!$Z$32=$D8,CONCATENATE(BHS!$Y$32,"-"),"")) | L8: =CONCATENATE(IF(BHS!$AH$13=$D8,CONCATENATE(BHS!$AG$13,"-"),""),IF(BHS!$AH$14=$D8,CONCATENATE(BHS!$AG$14,"-"),""),IF(BHS!$AH$15=$D8,CONCATENATE(BHS!$AG$15,"-"),""),IF(BHS!$AH$16=$D8,CONCATENATE(BHS!$AG$16,"-"),""),IF(BHS!$AH$17=$D8,CONCATENATE(BHS!$AG$17,"-"),""),IF(BHS!$AH$18=$D8,CONCATENATE(BHS!$AG$18,"-"),""),IF(BHS!$AH$19=$D8,CONCATENATE(BHS!$AG$19,"-"),""),IF(BHS!$AH$20=$D8,CONCATENATE(BHS!$AG$20,"-"),""),IF(BHS!$AH$21=$D8,CONCATENATE(BHS!$AG$21,"-"),""),IF(BHS!$AH$22=$D8,CONCATENATE(BHS!$AG$22,"-"),""),"") | M8: =CONCATENATE(IF(BHS!$AH$23=$D8,CONCATENATE(BHS!$AG$23,"-"),""),IF(BHS!$AH$24=$D8,CONCATENATE(BHS!$AG$24,"-"),""),IF(BHS!$AH$25=$D8,CONCATENATE(BHS!$AG$25,"-"),""),IF(BHS!$AH$26=$D8,CONCATENATE(BHS!$AG$26,"-"),""),IF(BHS!$AH$27=$D8,CONCATENATE(BHS!$AG$27,"-"),""),IF(BHS!$AH$28=$D8,CONCATENATE(BHS!$AG$28,"-"),""),IF(BHS!$AH$29=$D8,CONCATENATE(BHS!$AG$29,"-"),""),IF(BHS!$AH$30=$D8,CONCATENATE(BHS!$AG$30,"-"),""),IF(BHS!$AH$31=$D8,CONCATENATE(BHS!$AG$31,"-"),""),IF(BHS!$AH$32=$D8,CONCATENATE(BHS!$AG$32,"-"),"")) | N8: =CONCATENATE(F8,G8,H8,I8,J8,K8,L8,M8) | O8: 6 | P8: =IF(ISERROR(VLOOKUP($O8,$A$1:$B$100,2,FALSE)),"",VLOOKUP($O8,$A$1:$B$100,2,FALSE)) | Q8: =IF(P8="","",VLOOKUP($O8,$A$1:$E$100,5,FALSE)) | R8: =IF(P8="","",CHOOSE(VLOOKUP($O8,$A$1:$C$100,3,FALSE),AHS!$M$1,BHS!$M$1,CHS!$M$1,HMJHS!$M$1,KHS!$M$1,Kings!$M$1,MHS!$M$1,SWHS!$M$1,AMHS!$M$1,'S10'!$M$1,'S11'!$M$1,'S12'!$M$1,'S13'!$M$1,'S14'!$M$1,'S15'!$M$1,'S16'!$M$1,'S17'!$M$1,'S18'!$M$1,'S19'!$M$1,'S20'!$M$1)) | S8: =IF(P8="","",VLOOKUP($O8,$A$1:$E$100,4,FALSE)) | T8: =IF(P8="","",VLOOKUP($O8,$A$1:$N$100,14,FALSE))
A9: =IF(B9="","",COUNTIF($B$1:B8,B9)+B9) | B9: =IF(E9="","",RANK(E9,$E$1:$E$100)) | C9: 2 | D9: 4 | E9: =IF(BHS!$C$7="","",BHS!$C$7) | F9: =CONCATENATE(IF(BHS!$J$13=$D9,CONCATENATE(BHS!$I$13,"-"),""),IF(BHS!$J$14=$D9,CONCATENATE(BHS!$I$14,"-"),""),IF(BHS!$J$15=$D9,CONCATENATE(BHS!$I$15,"-"),""),IF(BHS!$J$16=$D9,CONCATENATE(BHS!$I$16,"-"),""),IF(BHS!$J$17=$D9,CONCATENATE(BHS!$I$17,"-"),""),IF(BHS!$J$18=$D9,CONCATENATE(BHS!$I$18,"-"),""),IF(BHS!$J$19=$D9,CONCATENATE(BHS!$I$19,"-"),""),IF(BHS!$J$20=$D9,CONCATENATE(BHS!$I$20,"-"),""),IF(BHS!$J$21=$D9,CONCATENATE(BHS!$I$21,"-"),""),IF(BHS!$J$22=$D9,CONCATENATE(BHS!$I$22,"-"),""),) | G9: =CONCATENATE(IF(BHS!$J$23=$D9,CONCATENATE(BHS!$I$23,"-"),""),IF(BHS!$J$24=$D9,CONCATENATE(BHS!$I$24,"-"),""),IF(BHS!$J$25=$D9,CONCATENATE(BHS!$I$25,"-"),""),IF(BHS!$J$26=$D9,CONCATENATE(BHS!$I$26,"-"),""),IF(BHS!$J$27=$D9,CONCATENATE(BHS!$I$27,"-"),""),IF(BHS!$J$28=$D9,CONCATENATE(BHS!$I$28,"-"),""),IF(BHS!$J$29=$D9,CONCATENATE(BHS!$I$29,"-"),""),IF(BHS!$J$30=$D9,CONCATENATE(BHS!$I$30,"-"),""),IF(BHS!$J$31=$D9,CONCATENATE(BHS!$I$31,"-"),""),IF(BHS!$J$32=$D9,CONCATENATE(BHS!$I$32,"-"),"")) | H9: =CONCATENATE(IF(BHS!$R$13=$D9,CONCATENATE(BHS!$Q$13,"-"),""),IF(BHS!$R$14=$D9,CONCATENATE(BHS!$Q$14,"-"),""),IF(BHS!$R$15=$D9,CONCATENATE(BHS!$Q$15,"-"),""),IF(BHS!$R$16=$D9,CONCATENATE(BHS!$Q$16,"-"),""),IF(BHS!$R$17=$D9,CONCATENATE(BHS!$Q$17,"-"),""),IF(BHS!$R$18=$D9,CONCATENATE(BHS!$Q$18,"-"),""),IF(BHS!$R$19=$D9,CONCATENATE(BHS!$Q$19,"-"),""),IF(BHS!$R$20=$D9,CONCATENATE(BHS!$Q$20,"-"),""),IF(BHS!$R$21=$D9,CONCATENATE(BHS!$Q$21,"-"),""),IF(BHS!$R$22=$D9,CONCATENATE(BHS!$Q$22,"-"),"")) | I9: =CONCATENATE(,IF(BHS!$R$23=$D9,CONCATENATE(BHS!$Q$23,"-"),""),IF(BHS!$R$24=$D9,CONCATENATE(BHS!$Q$24,"-"),""),IF(BHS!$R$25=$D9,CONCATENATE(BHS!$Q$25,"-"),""),IF(BHS!$R$26=$D9,CONCATENATE(BHS!$Q$26,"-"),""),IF(BHS!$R$27=$D9,CONCATENATE(BHS!$Q$27,"-"),""),IF(BHS!$R$28=$D9,CONCATENATE(BHS!$Q$28,"-"),""),IF(BHS!$R$29=$D9,CONCATENATE(BHS!$Q$29,"-"),""),IF(BHS!$R$30=$D9,CONCATENATE(BHS!$Q$30,"-"),""),IF(BHS!$R$31=$D9,CONCATENATE(BHS!$Q$31,"-"),""),IF(BHS!$R$32=$D9,CONCATENATE(BHS!$Q$32,"-"),"")) | J9: =CONCATENATE(IF(BHS!$Z$13=$D9,CONCATENATE(BHS!$Y$13,"-"),""),IF(BHS!$Z$14=$D9,CONCATENATE(BHS!$Y$14,"-"),""),IF(BHS!$Z$15=$D9,CONCATENATE(BHS!$Y$15,"-"),""),IF(BHS!$Z$16=$D9,CONCATENATE(BHS!$Y$16,"-"),""),IF(BHS!$Z$17=$D9,CONCATENATE(BHS!$Y$17,"-"),""),IF(BHS!$Z$18=$D9,CONCATENATE(BHS!$Y$18,"-"),""),IF(BHS!$Z$19=$D9,CONCATENATE(BHS!$Y$19,"-"),""),IF(BHS!$Z$20=$D9,CONCATENATE(BHS!$Y$20,"-"),""),IF(BHS!$Z$21=$D9,CONCATENATE(BHS!$Y$21,"-"),""),IF(BHS!$Z$22=$D9,CONCATENATE(BHS!$Y$22,"-"),""),"") | K9: =CONCATENATE(IF(BHS!$Z$23=$D9,CONCATENATE(BHS!$Y$23,"-"),""),IF(BHS!$Z$24=$D9,CONCATENATE(BHS!$Y$24,"-"),""),IF(BHS!$Z$25=$D9,CONCATENATE(BHS!$Y$25,"-"),""),IF(BHS!$Z$26=$D9,CONCATENATE(BHS!$Y$26,"-"),""),IF(BHS!$Z$27=$D9,CONCATENATE(BHS!$Y$27,"-"),""),IF(BHS!$Z$28=$D9,CONCATENATE(BHS!$Y$28,"-"),""),IF(BHS!$Z$29=$D9,CONCATENATE(BHS!$Y$29,"-"),""),IF(BHS!$Z$30=$D9,CONCATENATE(BHS!$Y$30,"-"),""),IF(BHS!$Z$31=$D9,CONCATENATE(BHS!$Y$31,"-"),""),IF(BHS!$Z$32=$D9,CONCATENATE(BHS!$Y$32,"-"),"")) | L9: =CONCATENATE(IF(BHS!$AH$13=$D9,CONCATENATE(BHS!$AG$13,"-"),""),IF(BHS!$AH$14=$D9,CONCATENATE(BHS!$AG$14,"-"),""),IF(BHS!$AH$15=$D9,CONCATENATE(BHS!$AG$15,"-"),""),IF(BHS!$AH$16=$D9,CONCATENATE(BHS!$AG$16,"-"),""),IF(BHS!$AH$17=$D9,CONCATENATE(BHS!$AG$17,"-"),""),IF(BHS!$AH$18=$D9,CONCATENATE(BHS!$AG$18,"-"),""),IF(BHS!$AH$19=$D9,CONCATENATE(BHS!$AG$19,"-"),""),IF(BHS!$AH$20=$D9,CONCATENATE(BHS!$AG$20,"-"),""),IF(BHS!$AH$21=$D9,CONCATENATE(BHS!$AG$21,"-"),""),IF(BHS!$AH$22=$D9,CONCATENATE(BHS!$AG$22,"-"),""),"") | M9: =CONCATENATE(IF(BHS!$AH$23=$D9,CONCATENATE(BHS!$AG$23,"-"),""),IF(BHS!$AH$24=$D9,CONCATENATE(BHS!$AG$24,"-"),""),IF(BHS!$AH$25=$D9,CONCATENATE(BHS!$AG$25,"-"),""),IF(BHS!$AH$26=$D9,CONCATENATE(BHS!$AG$26,"-"),""),IF(BHS!$AH$27=$D9,CONCATENATE(BHS!$AG$27,"-"),""),IF(BHS!$AH$28=$D9,CONCATENATE(BHS!$AG$28,"-"),""),IF(BHS!$AH$29=$D9,CONCATENATE(BHS!$AG$29,"-"),""),IF(BHS!$AH$30=$D9,CONCATENATE(BHS!$AG$30,"-"),""),IF(BHS!$AH$31=$D9,CONCATENATE(BHS!$AG$31,"-"),""),IF(BHS!$AH$32=$D9,CONCATENATE(BHS!$AG$32,"-"),"")) | N9: =CONCATENATE(F9,G9,H9,I9,J9,K9,L9,M9) | O9: 7 | P9: =IF(ISERROR(VLOOKUP($O9,$A$1:$B$100,2,FALSE)),"",VLOOKUP($O9,$A$1:$B$100,2,FALSE)) | Q9: =IF(P9="","",VLOOKUP($O9,$A$1:$E$100,5,FALSE)) | R9: =IF(P9="","",CHOOSE(VLOOKUP($O9,$A$1:$C$100,3,FALSE),AHS!$M$1,BHS!$M$1,CHS!$M$1,HMJHS!$M$1,KHS!$M$1,Kings!$M$1,MHS!$M$1,SWHS!$M$1,AMHS!$M$1,'S10'!$M$1,'S11'!$M$1,'S12'!$M$1,'S13'!$M$1,'S14'!$M$1,'S15'!$M$1,'S16'!$M$1,'S17'!$M$1,'S18'!$M$1,'S19'!$M$1,'S20'!$M$1)) | S9: =IF(P9="","",VLOOKUP($O9,$A$1:$E$100,4,FALSE)) | T9: =IF(P9="","",VLOOKUP($O9,$A$1:$N$100,14,FALSE))
A10: =IF(B10="","",COUNTIF($B$1:B9,B10)+B10) | B10: =IF(E10="","",RANK(E10,$E$1:$E$100)) | C10: 2 | D10: 5 | E10: =IF(BHS!$C$8="","",BHS!$C$8) | F10: =CONCATENATE(IF(BHS!$J$13=$D10,CONCATENATE(BHS!$I$13,"-"),""),IF(BHS!$J$14=$D10,CONCATENATE(BHS!$I$14,"-"),""),IF(BHS!$J$15=$D10,CONCATENATE(BHS!$I$15,"-"),""),IF(BHS!$J$16=$D10,CONCATENATE(BHS!$I$16,"-"),""),IF(BHS!$J$17=$D10,CONCATENATE(BHS!$I$17,"-"),""),IF(BHS!$J$18=$D10,CONCATENATE(BHS!$I$18,"-"),""),IF(BHS!$J$19=$D10,CONCATENATE(BHS!$I$19,"-"),""),IF(BHS!$J$20=$D10,CONCATENATE(BHS!$I$20,"-"),""),IF(BHS!$J$21=$D10,CONCATENATE(BHS!$I$21,"-"),""),IF(BHS!$J$22=$D10,CONCATENATE(BHS!$I$22,"-"),""),) | G10: =CONCATENATE(IF(BHS!$J$23=$D10,CONCATENATE(BHS!$I$23,"-"),""),IF(BHS!$J$24=$D10,CONCATENATE(BHS!$I$24,"-"),""),IF(BHS!$J$25=$D10,CONCATENATE(BHS!$I$25,"-"),""),IF(BHS!$J$26=$D10,CONCATENATE(BHS!$I$26,"-"),""),IF(BHS!$J$27=$D10,CONCATENATE(BHS!$I$27,"-"),""),IF(BHS!$J$28=$D10,CONCATENATE(BHS!$I$28,"-"),""),IF(BHS!$J$29=$D10,CONCATENATE(BHS!$I$29,"-"),""),IF(BHS!$J$30=$D10,CONCATENATE(BHS!$I$30,"-"),""),IF(BHS!$J$31=$D10,CONCATENATE(BHS!$I$31,"-"),""),IF(BHS!$J$32=$D10,CONCATENATE(BHS!$I$32,"-"),"")) | H10: =CONCATENATE(IF(BHS!$R$13=$D10,CONCATENATE(BHS!$Q$13,"-"),""),IF(BHS!$R$14=$D10,CONCATENATE(BHS!$Q$14,"-"),""),IF(BHS!$R$15=$D10,CONCATENATE(BHS!$Q$15,"-"),""),IF(BHS!$R$16=$D10,CONCATENATE(BHS!$Q$16,"-"),""),IF(BHS!$R$17=$D10,CONCATENATE(BHS!$Q$17,"-"),""),IF(BHS!$R$18=$D10,CONCATENATE(BHS!$Q$18,"-"),""),IF(BHS!$R$19=$D10,CONCATENATE(BHS!$Q$19,"-"),""),IF(BHS!$R$20=$D10,CONCATENATE(BHS!$Q$20,"-"),""),IF(BHS!$R$21=$D10,CONCATENATE(BHS!$Q$21,"-"),""),IF(BHS!$R$22=$D10,CONCATENATE(BHS!$Q$22,"-"),"")) | I10: =CONCATENATE(,IF(BHS!$R$23=$D10,CONCATENATE(BHS!$Q$23,"-"),""),IF(BHS!$R$24=$D10,CONCATENATE(BHS!$Q$24,"-"),""),IF(BHS!$R$25=$D10,CONCATENATE(BHS!$Q$25,"-"),""),IF(BHS!$R$26=$D10,CONCATENATE(BHS!$Q$26,"-"),""),IF(BHS!$R$27=$D10,CONCATENATE(BHS!$Q$27,"-"),""),IF(BHS!$R$28=$D10,CONCATENATE(BHS!$Q$28,"-"),""),IF(BHS!$R$29=$D10,CONCATENATE(BHS!$Q$29,"-"),""),IF(BHS!$R$30=$D10,CONCATENATE(BHS!$Q$30,"-"),""),IF(BHS!$R$31=$D10,CONCATENATE(BHS!$Q$31,"-"),""),IF(BHS!$R$32=$D10,CONCATENATE(BHS!$Q$32,"-"),"")) | J10: =CONCATENATE(IF(BHS!$Z$13=$D10,CONCATENATE(BHS!$Y$13,"-"),""),IF(BHS!$Z$14=$D10,CONCATENATE(BHS!$Y$14,"-"),""),IF(BHS!$Z$15=$D10,CONCATENATE(BHS!$Y$15,"-"),""),IF(BHS!$Z$16=$D10,CONCATENATE(BHS!$Y$16,"-"),""),IF(BHS!$Z$17=$D10,CONCATENATE(BHS!$Y$17,"-"),""),IF(BHS!$Z$18=$D10,CONCATENATE(BHS!$Y$18,"-"),""),IF(BHS!$Z$19=$D10,CONCATENATE(BHS!$Y$19,"-"),""),IF(BHS!$Z$20=$D10,CONCATENATE(BHS!$Y$20,"-"),""),IF(BHS!$Z$21=$D10,CONCATENATE(BHS!$Y$21,"-"),""),IF(BHS!$Z$22=$D10,CONCATENATE(BHS!$Y$22,"-"),""),"") | K10: =CONCATENATE(IF(BHS!$Z$23=$D10,CONCATENATE(BHS!$Y$23,"-"),""),IF(BHS!$Z$24=$D10,CONCATENATE(BHS!$Y$24,"-"),""),IF(BHS!$Z$25=$D10,CONCATENATE(BHS!$Y$25,"-"),""),IF(BHS!$Z$26=$D10,CONCATENATE(BHS!$Y$26,"-"),""),IF(BHS!$Z$27=$D10,CONCATENATE(BHS!$Y$27,"-"),""),IF(BHS!$Z$28=$D10,CONCATENATE(BHS!$Y$28,"-"),""),IF(BHS!$Z$29=$D10,CONCATENATE(BHS!$Y$29,"-"),""),IF(BHS!$Z$30=$D10,CONCATENATE(BHS!$Y$30,"-"),""),IF(BHS!$Z$31=$D10,CONCATENATE(BHS!$Y$31,"-"),""),IF(BHS!$Z$32=$D10,CONCATENATE(BHS!$Y$32,"-"),"")) | L10: =CONCATENATE(IF(BHS!$AH$13=$D10,CONCATENATE(BHS!$AG$13,"-"),""),IF(BHS!$AH$14=$D10,CONCATENATE(BHS!$AG$14,"-"),""),IF(BHS!$AH$15=$D10,CONCATENATE(BHS!$AG$15,"-"),""),IF(BHS!$AH$16=$D10,CONCATENATE(BHS!$AG$16,"-"),""),IF(BHS!$AH$17=$D10,CONCATENATE(BHS!$AG$17,"-"),""),IF(BHS!$AH$18=$D10,CONCATENATE(BHS!$AG$18,"-"),""),IF(BHS!$AH$19=$D10,CONCATENATE(BHS!$AG$19,"-"),""),IF(BHS!$AH$20=$D10,CONCATENATE(BHS!$AG$20,"-"),""),IF(BHS!$AH$21=$D10,CONCATENATE(BHS!$AG$21,"-"),""),IF(BHS!$AH$22=$D10,CONCATENATE(BHS!$AG$22,"-"),""),"") | M10: =CONCATENATE(IF(BHS!$AH$23=$D10,CONCATENATE(BHS!$AG$23,"-"),""),IF(BHS!$AH$24=$D10,CONCATENATE(BHS!$AG$24,"-"),""),IF(BHS!$AH$25=$D10,CONCATENATE(BHS!$AG$25,"-"),""),IF(BHS!$AH$26=$D10,CONCATENATE(BHS!$AG$26,"-"),""),IF(BHS!$AH$27=$D10,CONCATENATE(BHS!$AG$27,"-"),""),IF(BHS!$AH$28=$D10,CONCATENATE(BHS!$AG$28,"-"),""),IF(BHS!$AH$29=$D10,CONCATENATE(BHS!$AG$29,"-"),""),IF(BHS!$AH$30=$D10,CONCATENATE(BHS!$AG$30,"-"),""),IF(BHS!$AH$31=$D10,CONCATENATE(BHS!$AG$31,"-"),""),IF(BHS!$AH$32=$D10,CONCATENATE(BHS!$AG$32,"-"),"")) | N10: =CONCATENATE(F10,G10,H10,I10,J10,K10,L10,M10) | O10: 8 | P10: =IF(ISERROR(VLOOKUP($O10,$A$1:$B$100,2,FALSE)),"",VLOOKUP($O10,$A$1:$B$100,2,FALSE)) | Q10: =IF(P10="","",VLOOKUP($O10,$A$1:$E$100,5,FALSE)) | R10: =IF(P10="","",CHOOSE(VLOOKUP($O10,$A$1:$C$100,3,FALSE),AHS!$M$1,BHS!$M$1,CHS!$M$1,HMJHS!$M$1,KHS!$M$1,Kings!$M$1,MHS!$M$1,SWHS!$M$1,AMHS!$M$1,'S10'!$M$1,'S11'!$M$1,'S12'!$M$1,'S13'!$M$1,'S14'!$M$1,'S15'!$M$1,'S16'!$M$1,'S17'!$M$1,'S18'!$M$1,'S19'!$M$1,'S20'!$M$1)) | S10: =IF(P10="","",VLOOKUP($O10,$A$1:$E$100,4,FALSE)) | T10: =IF(P10="","",VLOOKUP($O10,$A$1:$N$100,14,FALSE))
A11: =IF(B11="","",COUNTIF($B$1:B10,B11)+B11) -> 1 | B11: =IF(E11="","",RANK(E11,$E$1:$E$100)) -> 1 | C11: 3 | D11: 1 | E11: =IF(CHS!$C$4="","",CHS!$C$4) -> 53.5 | F11: =CONCATENATE(IF(CHS!$J$13=$D11,CONCATENATE(CHS!$I$13,"-"),""),IF(CHS!$J$14=$D11,CONCATENATE(CHS!$I$14,"-"),""),IF(CHS!$J$15=$D11,CONCATENATE(CHS!$I$15,"-"),""),IF(CHS!$J$16=$D11,CONCATENATE(CHS!$I$16,"-"),""),IF(CHS!$J$17=$D11,CONCATENATE(CHS!$I$17,"-"),""),IF(CHS!$J$18=$D11,CONCATENATE(CHS!$I$18,"-"),""),IF(CHS!$J$19=$D11,CONCATENATE(CHS!$I$19,"-"),""),IF(CHS!$J$20=$D11,CONCATENATE(CHS!$I$20,"-"),""),IF(CHS!$J$21=$D11,CONCATENATE(CHS!$I$21,"-"),""),IF(CHS!$J$22=$D11,CONCATENATE(CHS!$I$22,"-"),""),) -> Jacob Hopkins-Nathan Kim- | G11: =CONCATENATE(IF(CHS!$J$23=$D11,CONCATENATE(CHS!$I$23,"-"),""),IF(CHS!$J$24=$D11,CONCATENATE(CHS!$I$24,"-"),""),IF(CHS!$J$25=$D11,CONCATENATE(CHS!$I$25,"-"),""),IF(CHS!$J$26=$D11,CONCATENATE(CHS!$I$26,"-"),""),IF(CHS!$J$27=$D11,CONCATENATE(CHS!$I$27,"-"),""),IF(CHS!$J$28=$D11,CONCATENATE(CHS!$I$28,"-"),""),IF(CHS!$J$29=$D11,CONCATENATE(CHS!$I$29,"-"),""),IF(CHS!$J$30=$D11,CONCATENATE(CHS!$I$30,"-"),""),IF(CHS!$J$31=$D11,CONCATENATE(CHS!$I$31,"-"),""),IF(CHS!$J$32=$D11,CONCATENATE(CHS!$I$32,"-"),"")) | H11: =CONCATENATE(IF(CHS!$R$13=$D11,CONCATENATE(CHS!$Q$13,"-"),""),IF(CHS!$R$14=$D11,CONCATENATE(CHS!$Q$14,"-"),""),IF(CHS!$R$15=$D11,CONCATENATE(CHS!$Q$15,"-"),""),IF(CHS!$R$16=$D11,CONCATENATE(CHS!$Q$16,"-"),""),IF(CHS!$R$17=$D11,CONCATENATE(CHS!$Q$17,"-"),""),IF(CHS!$R$18=$D11,CONCATENATE(CHS!$Q$18,"-"),""),IF(CHS!$R$19=$D11,CONCATENATE(CHS!$Q$19,"-"),""),IF(CHS!$R$20=$D11,CONCATENATE(CHS!$Q$20,"-"),""),IF(CHS!$R$21=$D11,CONCATENATE(CHS!$Q$21,"-"),""),IF(CHS!$R$22=$D11,CONCATENATE(CHS!$Q$22,"-"),"")) | I11: =CONCATENATE(,IF(CHS!$R$23=$D11,CONCATENATE(CHS!$Q$23,"-"),""),IF(CHS!$R$24=$D11,CONCATENATE(CHS!$Q$24,"-"),""),IF(CHS!$R$25=$D11,CONCATENATE(CHS!$Q$25,"-"),""),IF(CHS!$R$26=$D11,CONCATENATE(CHS!$Q$26,"-"),""),IF(CHS!$R$27=$D11,CONCATENATE(CHS!$Q$27,"-"),""),IF(CHS!$R$28=$D11,CONCATENATE(CHS!$Q$28,"-"),""),IF(CHS!$R$29=$D11,CONCATENATE(CHS!$Q$29,"-"),""),IF(CHS!$R$30=$D11,CONCATENATE(CHS!$Q$30,"-"),""),IF(CHS!$R$31=$D11,CONCATENATE(CHS!$Q$31,"-"),""),IF(CHS!$R$32=$D11,CONCATENATE(CHS!$Q$32,"-"),"")) | J11: =CONCATENATE(IF(CHS!$Z$13=$D11,CONCATENATE(CHS!$Y$13,"-"),""),IF(CHS!$Z$14=$D11,CONCATENATE(CHS!$Y$14,"-"),""),IF(CHS!$Z$15=$D11,CONCATENATE(CHS!$Y$15,"-"),""),IF(CHS!$Z$16=$D11,CONCATENATE(CHS!$Y$16,"-"),""),IF(CHS!$Z$17=$D11,CONCATENATE(CHS!$Y$17,"-"),""),IF(CHS!$Z$18=$D11,CONCATENATE(CHS!$Y$18,"-"),""),IF(CHS!$Z$19=$D11,CONCATENATE(CHS!$Y$19,"-"),""),IF(CHS!$Z$20=$D11,CONCATENATE(CHS!$Y$20,"-"),""),IF(CHS!$Z$21=$D11,CONCATENATE(CHS!$Y$21,"-"),""),IF(CHS!$Z$22=$D11,CONCATENATE(CHS!$Y$22,"-"),""),"") | K11: =CONCATENATE(IF(CHS!$Z$23=$D11,CONCATENATE(CHS!$Y$23,"-"),""),IF(CHS!$Z$24=$D11,CONCATENATE(CHS!$Y$24,"-"),""),IF(CHS!$Z$25=$D11,CONCATENATE(CHS!$Y$25,"-"),""),IF(CHS!$Z$26=$D11,CONCATENATE(CHS!$Y$26,"-"),""),IF(CHS!$Z$27=$D11,CONCATENATE(CHS!$Y$27,"-"),""),IF(CHS!$Z$28=$D11,CONCATENATE(CHS!$Y$28,"-"),""),IF(CHS!$Z$29=$D11,CONCATENATE(CHS!$Y$29,"-"),""),IF(CHS!$Z$30=$D11,CONCATENATE(CHS!$Y$30,"-"),""),IF(CHS!$Z$31=$D11,CONCATENATE(CHS!$Y$31,"-"),""),IF(CHS!$Z$32=$D11,CONCATENATE(CHS!$Y$32,"-"),"")) | L11: =CONCATENATE(IF(CHS!$AH$13=$D11,CONCATENATE(CHS!$AG$13,"-"),""),IF(CHS!$AH$14=$D11,CONCATENATE(CHS!$AG$14,"-"),""),IF(CHS!$AH$15=$D11,CONCATENATE(CHS!$AG$15,"-"),""),IF(CHS!$AH$16=$D11,CONCATENATE(CHS!$AG$16,"-"),""),IF(CHS!$AH$17=$D11,CONCATENATE(CHS!$AG$17,"-"),""),IF(CHS!$AH$18=$D11,CONCATENATE(CHS!$AG$18,"-"),""),IF(CHS!$AH$19=$D11,CONCATENATE(CHS!$AG$19,"-"),""),IF(CHS!$AH$20=$D11,CONCATENATE(CHS!$AG$20,"-"),""),IF(CHS!$AH$21=$D11,CONCATENATE(CHS!$AG$21,"-"),""),IF(CHS!$AH$22=$D11,CONCATENATE(CHS!$AG$22,"-"),""),"") | M11: =CONCATENATE(IF(CHS!$AH$23=$D11,CONCATENATE(CHS!$AG$23,"-"),""),IF(CHS!$AH$24=$D11,CONCATENATE(CHS!$AG$24,"-"),""),IF(CHS!$AH$25=$D11,CONCATENATE(CHS!$AG$25,"-"),""),IF(CHS!$AH$26=$D11,CONCATENATE(CHS!$AG$26,"-"),""),IF(CHS!$AH$27=$D11,CONCATENATE(CHS!$AG$27,"-"),""),IF(CHS!$AH$28=$D11,CONCATENATE(CHS!$AG$28,"-"),""),IF(CHS!$AH$29=$D11,CONCATENATE(CHS!$AG$29,"-"),""),IF(CHS!$AH$30=$D11,CONCATENATE(CHS!$AG$30,"-"),""),IF(CHS!$AH$31=$D11,CONCATENATE(CHS!$AG$31,"-"),""),IF(CHS!$AH$32=$D11,CONCATENATE(CHS!$AG$32,"-"),"")) | N11: =CONCATENATE(F11,G11,H11,I11,J11,K11,L11,M11) -> Jacob Hopkins-Nathan Kim- | O11: 9 | P11: =IF(ISERROR(VLOOKUP($O11,$A$1:$B$100,2,FALSE)),"",VLOOKUP($O11,$A$1:$B$100,2,FALSE)) | Q11: =IF(P11="","",VLOOKUP($O11,$A$1:$E$100,5,FALSE)) | R11: =IF(P11="","",CHOOSE(VLOOKUP($O11,$A$1:$C$100,3,FALSE),AHS!$M$1,BHS!$M$1,CHS!$M$1,HMJHS!$M$1,KHS!$M$1,Kings!$M$1,MHS!$M$1,SWHS!$M$1,AMHS!$M$1,'S10'!$M$1,'S11'!$M$1,'S12'!$M$1,'S13'!$M$1,'S14'!$M$1,'S15'!$M$1,'S16'!$M$1,'S17'!$M$1,'S18'!$M$1,'S19'!$M$1,'S20'!$M$1)) | S11: =IF(P11="","",VLOOKUP($O11,$A$1:$E$100,4,FALSE)) | T11: =IF(P11="","",VLOOKUP($O11,$A$1:$N$100,14,FALSE))
A12: =IF(B12="","",COUNTIF($B$1:B11,B12)+B12) | B12: =IF(E12="","",RANK(E12,$E$1:$E$100)) | C12: 3 | D12: 2 | E12: =IF(CHS!$C$5="","",CHS!$C$5) | F12: =CONCATENATE(IF(CHS!$J$13=$D12,CONCATENATE(CHS!$I$13,"-"),""),IF(CHS!$J$14=$D12,CONCATENATE(CHS!$I$14,"-"),""),IF(CHS!$J$15=$D12,CONCATENATE(CHS!$I$15,"-"),""),IF(CHS!$J$16=$D12,CONCATENATE(CHS!$I$16,"-"),""),IF(CHS!$J$17=$D12,CONCATENATE(CHS!$I$17,"-"),""),IF(CHS!$J$18=$D12,CONCATENATE(CHS!$I$18,"-"),""),IF(CHS!$J$19=$D12,CONCATENATE(CHS!$I$19,"-"),""),IF(CHS!$J$20=$D12,CONCATENATE(CHS!$I$20,"-"),""),IF(CHS!$J$21=$D12,CONCATENATE(CHS!$I$21,"-"),""),IF(CHS!$J$22=$D12,CONCATENATE(CHS!$I$22,"-"),""),) | G12: =CONCATENATE(IF(CHS!$J$23=$D12,CONCATENATE(CHS!$I$23,"-"),""),IF(CHS!$J$24=$D12,CONCATENATE(CHS!$I$24,"-"),""),IF(CHS!$J$25=$D12,CONCATENATE(CHS!$I$25,"-"),""),IF(CHS!$J$26=$D12,CONCATENATE(CHS!$I$26,"-"),""),IF(CHS!$J$27=$D12,CONCATENATE(CHS!$I$27,"-"),""),IF(CHS!$J$28=$D12,CONCATENATE(CHS!$I$28,"-"),""),IF(CHS!$J$29=$D12,CONCATENATE(CHS!$I$29,"-"),""),IF(CHS!$J$30=$D12,CONCATENATE(CHS!$I$30,"-"),""),IF(CHS!$J$31=$D12,CONCATENATE(CHS!$I$31,"-"),""),IF(CHS!$J$32=$D12,CONCATENATE(CHS!$I$32,"-"),"")) | H12: =CONCATENATE(IF(CHS!$R$13=$D12,CONCATENATE(CHS!$Q$13,"-"),""),IF(CHS!$R$14=$D12,CONCATENATE(CHS!$Q$14,"-"),""),IF(CHS!$R$15=$D12,CONCATENATE(CHS!$Q$15,"-"),""),IF(CHS!$R$16=$D12,CONCATENATE(CHS!$Q$16,"-"),""),IF(CHS!$R$17=$D12,CONCATENATE(CHS!$Q$17,"-"),""),IF(CHS!$R$18=$D12,CONCATENATE(CHS!$Q$18,"-"),""),IF(CHS!$R$19=$D12,CONCATENATE(CHS!$Q$19,"-"),""),IF(CHS!$R$20=$D12,CONCATENATE(CHS!$Q$20,"-"),""),IF(CHS!$R$21=$D12,CONCATENATE(CHS!$Q$21,"-"),""),IF(CHS!$R$22=$D12,CONCATENATE(CHS!$Q$22,"-"),"")) | I12: =CONCATENATE(,IF(CHS!$R$23=$D12,CONCATENATE(CHS!$Q$23,"-"),""),IF(CHS!$R$24=$D12,CONCATENATE(CHS!$Q$24,"-"),""),IF(CHS!$R$25=$D12,CONCATENATE(CHS!$Q$25,"-"),""),IF(CHS!$R$26=$D12,CONCATENATE(CHS!$Q$26,"-"),""),IF(CHS!$R$27=$D12,CONCATENATE(CHS!$Q$27,"-"),""),IF(CHS!$R$28=$D12,CONCATENATE(CHS!$Q$28,"-"),""),IF(CHS!$R$29=$D12,CONCATENATE(CHS!$Q$29,"-"),""),IF(CHS!$R$30=$D12,CONCATENATE(CHS!$Q$30,"-"),""),IF(CHS!$R$31=$D12,CONCATENATE(CHS!$Q$31,"-"),""),IF(CHS!$R$32=$D12,CONCATENATE(CHS!$Q$32,"-"),"")) | J12: =CONCATENATE(IF(CHS!$Z$13=$D12,CONCATENATE(CHS!$Y$13,"-"),""),IF(CHS!$Z$14=$D12,CONCATENATE(CHS!$Y$14,"-"),""),IF(CHS!$Z$15=$D12,CONCATENATE(CHS!$Y$15,"-"),""),IF(CHS!$Z$16=$D12,CONCATENATE(CHS!$Y$16,"-"),""),IF(CHS!$Z$17=$D12,CONCATENATE(CHS!$Y$17,"-"),""),IF(CHS!$Z$18=$D12,CONCATENATE(CHS!$Y$18,"-"),""),IF(CHS!$Z$19=$D12,CONCATENATE(CHS!$Y$19,"-"),""),IF(CHS!$Z$20=$D12,CONCATENATE(CHS!$Y$20,"-"),""),IF(CHS!$Z$21=$D12,CONCATENATE(CHS!$Y$21,"-"),""),IF(CHS!$Z$22=$D12,CONCATENATE(CHS!$Y$22,"-"),""),"") | K12: =CONCATENATE(IF(CHS!$Z$23=$D12,CONCATENATE(CHS!$Y$23,"-"),""),IF(CHS!$Z$24=$D12,CONCATENATE(CHS!$Y$24,"-"),""),IF(CHS!$Z$25=$D12,CONCATENATE(CHS!$Y$25,"-"),""),IF(CHS!$Z$26=$D12,CONCATENATE(CHS!$Y$26,"-"),""),IF(CHS!$Z$27=$D12,CONCATENATE(CHS!$Y$27,"-"),""),IF(CHS!$Z$28=$D12,CONCATENATE(CHS!$Y$28,"-"),""),IF(CHS!$Z$29=$D12,CONCATENATE(CHS!$Y$29,"-"),""),IF(CHS!$Z$30=$D12,CONCATENATE(CHS!$Y$30,"-"),""),IF(CHS!$Z$31=$D12,CONCATENATE(CHS!$Y$31,"-"),""),IF(CHS!$Z$32=$D12,CONCATENATE(CHS!$Y$32,"-"),"")) | L12: =CONCATENATE(IF(CHS!$AH$13=$D12,CONCATENATE(CHS!$AG$13,"-"),""),IF(CHS!$AH$14=$D12,CONCATENATE(CHS!$AG$14,"-"),""),IF(CHS!$AH$15=$D12,CONCATENATE(CHS!$AG$15,"-"),""),IF(CHS!$AH$16=$D12,CONCATENATE(CHS!$AG$16,"-"),""),IF(CHS!$AH$17=$D12,CONCATENATE(CHS!$AG$17,"-"),""),IF(CHS!$AH$18=$D12,CONCATENATE(CHS!$AG$18,"-"),""),IF(CHS!$AH$19=$D12,CONCATENATE(CHS!$AG$19,"-"),""),IF(CHS!$AH$20=$D12,CONCATENATE(CHS!$AG$20,"-"),""),IF(CHS!$AH$21=$D12,CONCATENATE(CHS!$AG$21,"-"),""),IF(CHS!$AH$22=$D12,CONCATENATE(CHS!$AG$22,"-"),""),"") | M12: =CONCATENATE(IF(CHS!$AH$23=$D12,CONCATENATE(CHS!$AG$23,"-"),""),IF(CHS!$AH$24=$D12,CONCATENATE(CHS!$AG$24,"-"),""),IF(CHS!$AH$25=$D12,CONCATENATE(CHS!$AG$25,"-"),""),IF(CHS!$AH$26=$D12,CONCATENATE(CHS!$AG$26,"-"),""),IF(CHS!$AH$27=$D12,CONCATENATE(CHS!$AG$27,"-"),""),IF(CHS!$AH$28=$D12,CONCATENATE(CHS!$AG$28,"-"),""),IF(CHS!$AH$29=$D12,CONCATENATE(CHS!$AG$29,"-"),""),IF(CHS!$AH$30=$D12,CONCATENATE(CHS!$AG$30,"-"),""),IF(CHS!$AH$31=$D12,CONCATENATE(CHS!$AG$31,"-"),""),IF(CHS!$AH$32=$D12,CONCATENATE(CHS!$AG$32,"-"),"")) | N12: =CONCATENATE(F12,G12,H12,I12,J12,K12,L12,M12) | O12: 10 | P12: =IF(ISERROR(VLOOKUP($O12,$A$1:$B$100,2,FALSE)),"",VLOOKUP($O12,$A$1:$B$100,2,FALSE)) | Q12: =IF(P12="","",VLOOKUP($O12,$A$1:$E$100,5,FALSE)) | R12: =IF(P12="","",CHOOSE(VLOOKUP($O12,$A$1:$C$100,3,FALSE),AHS!$M$1,BHS!$M$1,CHS!$M$1,HMJHS!$M$1,KHS!$M$1,Kings!$M$1,MHS!$M$1,SWHS!$M$1,AMHS!$M$1,'S10'!$M$1,'S11'!$M$1,'S12'!$M$1,'S13'!$M$1,'S14'!$M$1,'S15'!$M$1,'S16'!$M$1,'S17'!$M$1,'S18'!$M$1,'S19'!$M$1,'S20'!$M$1)) | S12: =IF(P12="","",VLOOKUP($O12,$A$1:$E$100,4,FALSE)) | T12: =IF(P12="","",VLOOKUP($O12,$A$1:$N$100,14,FALSE))
A13: =IF(B13="","",COUNTIF($B$1:B12,B13)+B13) | B13: =IF(E13="","",RANK(E13,$E$1:$E$100)) | C13: 3 | D13: 3 | E13: =IF(CHS!$C$6="","",CHS!$C$6) | F13: =CONCATENATE(IF(CHS!$J$13=$D13,CONCATENATE(CHS!$I$13,"-"),""),IF(CHS!$J$14=$D13,CONCATENATE(CHS!$I$14,"-"),""),IF(CHS!$J$15=$D13,CONCATENATE(CHS!$I$15,"-"),""),IF(CHS!$J$16=$D13,CONCATENATE(CHS!$I$16,"-"),""),IF(CHS!$J$17=$D13,CONCATENATE(CHS!$I$17,"-"),""),IF(CHS!$J$18=$D13,CONCATENATE(CHS!$I$18,"-"),""),IF(CHS!$J$19=$D13,CONCATENATE(CHS!$I$19,"-"),""),IF(CHS!$J$20=$D13,CONCATENATE(CHS!$I$20,"-"),""),IF(CHS!$J$21=$D13,CONCATENATE(CHS!$I$21,"-"),""),IF(CHS!$J$22=$D13,CONCATENATE(CHS!$I$22,"-"),""),) | G13: =CONCATENATE(IF(CHS!$J$23=$D13,CONCATENATE(CHS!$I$23,"-"),""),IF(CHS!$J$24=$D13,CONCATENATE(CHS!$I$24,"-"),""),IF(CHS!$J$25=$D13,CONCATENATE(CHS!$I$25,"-"),""),IF(CHS!$J$26=$D13,CONCATENATE(CHS!$I$26,"-"),""),IF(CHS!$J$27=$D13,CONCATENATE(CHS!$I$27,"-"),""),IF(CHS!$J$28=$D13,CONCATENATE(CHS!$I$28,"-"),""),IF(CHS!$J$29=$D13,CONCATENATE(CHS!$I$29,"-"),""),IF(CHS!$J$30=$D13,CONCATENATE(CHS!$I$30,"-"),""),IF(CHS!$J$31=$D13,CONCATENATE(CHS!$I$31,"-"),""),IF(CHS!$J$32=$D13,CONCATENATE(CHS!$I$32,"-"),"")) | H13: =CONCATENATE(IF(CHS!$R$13=$D13,CONCATENATE(CHS!$Q$13,"-"),""),IF(CHS!$R$14=$D13,CONCATENATE(CHS!$Q$14,"-"),""),IF(CHS!$R$15=$D13,CONCATENATE(CHS!$Q$15,"-"),""),IF(CHS!$R$16=$D13,CONCATENATE(CHS!$Q$16,"-"),""),IF(CHS!$R$17=$D13,CONCATENATE(CHS!$Q$17,"-"),""),IF(CHS!$R$18=$D13,CONCATENATE(CHS!$Q$18,"-"),""),IF(CHS!$R$19=$D13,CONCATENATE(CHS!$Q$19,"-"),""),IF(CHS!$R$20=$D13,CONCATENATE(CHS!$Q$20,"-"),""),IF(CHS!$R$21=$D13,CONCATENATE(CHS!$Q$21,"-"),""),IF(CHS!$R$22=$D13,CONCATENATE(CHS!$Q$22,"-"),"")) | I13: =CONCATENATE(,IF(CHS!$R$23=$D13,CONCATENATE(CHS!$Q$23,"-"),""),IF(CHS!$R$24=$D13,CONCATENATE(CHS!$Q$24,"-"),""),IF(CHS!$R$25=$D13,CONCATENATE(CHS!$Q$25,"-"),""),IF(CHS!$R$26=$D13,CONCATENATE(CHS!$Q$26,"-"),""),IF(CHS!$R$27=$D13,CONCATENATE(CHS!$Q$27,"-"),""),IF(CHS!$R$28=$D13,CONCATENATE(CHS!$Q$28,"-"),""),IF(CHS!$R$29=$D13,CONCATENATE(CHS!$Q$29,"-"),""),IF(CHS!$R$30=$D13,CONCATENATE(CHS!$Q$30,"-"),""),IF(CHS!$R$31=$D13,CONCATENATE(CHS!$Q$31,"-"),""),IF(CHS!$R$32=$D13,CONCATENATE(CHS!$Q$32,"-"),"")) | J13: =CONCATENATE(IF(CHS!$Z$13=$D13,CONCATENATE(CHS!$Y$13,"-"),""),IF(CHS!$Z$14=$D13,CONCATENATE(CHS!$Y$14,"-"),""),IF(CHS!$Z$15=$D13,CONCATENATE(CHS!$Y$15,"-"),""),IF(CHS!$Z$16=$D13,CONCATENATE(CHS!$Y$16,"-"),""),IF(CHS!$Z$17=$D13,CONCATENATE(CHS!$Y$17,"-"),""),IF(CHS!$Z$18=$D13,CONCATENATE(CHS!$Y$18,"-"),""),IF(CHS!$Z$19=$D13,CONCATENATE(CHS!$Y$19,"-"),""),IF(CHS!$Z$20=$D13,CONCATENATE(CHS!$Y$20,"-"),""),IF(CHS!$Z$21=$D13,CONCATENATE(CHS!$Y$21,"-"),""),IF(CHS!$Z$22=$D13,CONCATENATE(CHS!$Y$22,"-"),""),"") | K13: =CONCATENATE(IF(CHS!$Z$23=$D13,CONCATENATE(CHS!$Y$23,"-"),""),IF(CHS!$Z$24=$D13,CONCATENATE(CHS!$Y$24,"-"),""),IF(CHS!$Z$25=$D13,CONCATENATE(CHS!$Y$25,"-"),""),IF(CHS!$Z$26=$D13,CONCATENATE(CHS!$Y$26,"-"),""),IF(CHS!$Z$27=$D13,CONCATENATE(CHS!$Y$27,"-"),""),IF(CHS!$Z$28=$D13,CONCATENATE(CHS!$Y$28,"-"),""),IF(CHS!$Z$29=$D13,CONCATENATE(CHS!$Y$29,"-"),""),IF(CHS!$Z$30=$D13,CONCATENATE(CHS!$Y$30,"-"),""),IF(CHS!$Z$31=$D13,CONCATENATE(CHS!$Y$31,"-"),""),IF(CHS!$Z$32=$D13,CONCATENATE(CHS!$Y$32,"-"),"")) | L13: =CONCATENATE(IF(CHS!$AH$13=$D13,CONCATENATE(CHS!$AG$13,"-"),""),IF(CHS!$AH$14=$D13,CONCATENATE(CHS!$AG$14,"-"),""),IF(CHS!$AH$15=$D13,CONCATENATE(CHS!$AG$15,"-"),""),IF(CHS!$AH$16=$D13,CONCATENATE(CHS!$AG$16,"-"),""),IF(CHS!$AH$17=$D13,CONCATENATE(CHS!$AG$17,"-"),""),IF(CHS!$AH$18=$D13,CONCATENATE(CHS!$AG$18,"-"),""),IF(CHS!$AH$19=$D13,CONCATENATE(CHS!$AG$19,"-"),""),IF(CHS!$AH$20=$D13,CONCATENATE(CHS!$AG$20,"-"),""),IF(CHS!$AH$21=$D13,CONCATENATE(CHS!$AG$21,"-"),""),IF(CHS!$AH$22=$D13,CONCATENATE(CHS!$AG$22,"-"),""),"") | M13: =CONCATENATE(IF(CHS!$AH$23=$D13,CONCATENATE(CHS!$AG$23,"-"),""),IF(CHS!$AH$24=$D13,CONCATENATE(CHS!$AG$24,"-"),""),IF(CHS!$AH$25=$D13,CONCATENATE(CHS!$AG$25,"-"),""),IF(CHS!$AH$26=$D13,CONCATENATE(CHS!$AG$26,"-"),""),IF(CHS!$AH$27=$D13,CONCATENATE(CHS!$AG$27,"-"),""),IF(CHS!$AH$28=$D13,CONCATENATE(CHS!$AG$28,"-"),""),IF(CHS!$AH$29=$D13,CONCATENATE(CHS!$AG$29,"-"),""),IF(CHS!$AH$30=$D13,CONCATENATE(CHS!$AG$30,"-"),""),IF(CHS!$AH$31=$D13,CONCATENATE(CHS!$AG$31,"-"),""),IF(CHS!$AH$32=$D13,CONCATENATE(CHS!$AG$32,"-"),"")) | N13: =CONCATENATE(F13,G13,H13,I13,J13,K13,L13,M13) | O13: 11 | P13: =IF(ISERROR(VLOOKUP($O13,$A$1:$B$100,2,FALSE)),"",VLOOKUP($O13,$A$1:$B$100,2,FALSE)) | Q13: =IF(P13="","",VLOOKUP($O13,$A$1:$E$100,5,FALSE)) | R13: =IF(P13="","",CHOOSE(VLOOKUP($O13,$A$1:$C$100,3,FALSE),AHS!$M$1,BHS!$M$1,CHS!$M$1,HMJHS!$M$1,KHS!$M$1,Kings!$M$1,MHS!$M$1,SWHS!$M$1,AMHS!$M$1,'S10'!$M$1,'S11'!$M$1,'S12'!$M$1,'S13'!$M$1,'S14'!$M$1,'S15'!$M$1,'S16'!$M$1,'S17'!$M$1,'S18'!$M$1,'S19'!$M$1,'S20'!$M$1)) | S13: =IF(P13="","",VLOOKUP($O13,$A$1:$E$100,4,FALSE)) | T13: =IF(P13="","",VLOOKUP($O13,$A$1:$N$100,14,FALSE))
A14: =IF(B14="","",COUNTIF($B$1:B13,B14)+B14) | B14: =IF(E14="","",RANK(E14,$E$1:$E$100)) | C14: 3 | D14: 4 | E14: =IF(CHS!$C$7="","",CHS!$C$7) | F14: =CONCATENATE(IF(CHS!$J$13=$D14,CONCATENATE(CHS!$I$13,"-"),""),IF(CHS!$J$14=$D14,CONCATENATE(CHS!$I$14,"-"),""),IF(CHS!$J$15=$D14,CONCATENATE(CHS!$I$15,"-"),""),IF(CHS!$J$16=$D14,CONCATENATE(CHS!$I$16,"-"),""),IF(CHS!$J$17=$D14,CONCATENATE(CHS!$I$17,"-"),""),IF(CHS!$J$18=$D14,CONCATENATE(CHS!$I$18,"-"),""),IF(CHS!$J$19=$D14,CONCATENATE(CHS!$I$19,"-"),""),IF(CHS!$J$20=$D14,CONCATENATE(CHS!$I$20,"-"),""),IF(CHS!$J$21=$D14,CONCATENATE(CHS!$I$21,"-"),""),IF(CHS!$J$22=$D14,CONCATENATE(CHS!$I$22,"-"),""),) | G14: =CONCATENATE(IF(CHS!$J$23=$D14,CONCATENATE(CHS!$I$23,"-"),""),IF(CHS!$J$24=$D14,CONCATENATE(CHS!$I$24,"-"),""),IF(CHS!$J$25=$D14,CONCATENATE(CHS!$I$25,"-"),""),IF(CHS!$J$26=$D14,CONCATENATE(CHS!$I$26,"-"),""),IF(CHS!$J$27=$D14,CONCATENATE(CHS!$I$27,"-"),""),IF(CHS!$J$28=$D14,CONCATENATE(CHS!$I$28,"-"),""),IF(CHS!$J$29=$D14,CONCATENATE(CHS!$I$29,"-"),""),IF(CHS!$J$30=$D14,CONCATENATE(CHS!$I$30,"-"),""),IF(CHS!$J$31=$D14,CONCATENATE(CHS!$I$31,"-"),""),IF(CHS!$J$32=$D14,CONCATENATE(CHS!$I$32,"-"),"")) | H14: =CONCATENATE(IF(CHS!$R$13=$D14,CONCATENATE(CHS!$Q$13,"-"),""),IF(CHS!$R$14=$D14,CONCATENATE(CHS!$Q$14,"-"),""),IF(CHS!$R$15=$D14,CONCATENATE(CHS!$Q$15,"-"),""),IF(CHS!$R$16=$D14,CONCATENATE(CHS!$Q$16,"-"),""),IF(CHS!$R$17=$D14,CONCATENATE(CHS!$Q$17,"-"),""),IF(CHS!$R$18=$D14,CONCATENATE(CHS!$Q$18,"-"),""),IF(CHS!$R$19=$D14,CONCATENATE(CHS!$Q$19,"-"),""),IF(CHS!$R$20=$D14,CONCATENATE(CHS!$Q$20,"-"),""),IF(CHS!$R$21=$D14,CONCATENATE(CHS!$Q$21,"-"),""),IF(CHS!$R$22=$D14,CONCATENATE(CHS!$Q$22,"-"),"")) | I14: =CONCATENATE(,IF(CHS!$R$23=$D14,CONCATENATE(CHS!$Q$23,"-"),""),IF(CHS!$R$24=$D14,CONCATENATE(CHS!$Q$24,"-"),""),IF(CHS!$R$25=$D14,CONCATENATE(CHS!$Q$25,"-"),""),IF(CHS!$R$26=$D14,CONCATENATE(CHS!$Q$26,"-"),""),IF(CHS!$R$27=$D14,CONCATENATE(CHS!$Q$27,"-"),""),IF(CHS!$R$28=$D14,CONCATENATE(CHS!$Q$28,"-"),""),IF(CHS!$R$29=$D14,CONCATENATE(CHS!$Q$29,"-"),""),IF(CHS!$R$30=$D14,CONCATENATE(CHS!$Q$30,"-"),""),IF(CHS!$R$31=$D14,CONCATENATE(CHS!$Q$31,"-"),""),IF(CHS!$R$32=$D14,CONCATENATE(CHS!$Q$32,"-"),"")) | J14: =CONCATENATE(IF(CHS!$Z$13=$D14,CONCATENATE(CHS!$Y$13,"-"),""),IF(CHS!$Z$14=$D14,CONCATENATE(CHS!$Y$14,"-"),""),IF(CHS!$Z$15=$D14,CONCATENATE(CHS!$Y$15,"-"),""),IF(CHS!$Z$16=$D14,CONCATENATE(CHS!$Y$16,"-"),""),IF(CHS!$Z$17=$D14,CONCATENATE(CHS!$Y$17,"-"),""),IF(CHS!$Z$18=$D14,CONCATENATE(CHS!$Y$18,"-"),""),IF(CHS!$Z$19=$D14,CONCATENATE(CHS!$Y$19,"-"),""),IF(CHS!$Z$20=$D14,CONCATENATE(CHS!$Y$20,"-"),""),IF(CHS!$Z$21=$D14,CONCATENATE(CHS!$Y$21,"-"),""),IF(CHS!$Z$22=$D14,CONCATENATE(CHS!$Y$22,"-"),""),"") | K14: =CONCATENATE(IF(CHS!$Z$23=$D14,CONCATENATE(CHS!$Y$23,"-"),""),IF(CHS!$Z$24=$D14,CONCATENATE(CHS!$Y$24,"-"),""),IF(CHS!$Z$25=$D14,CONCATENATE(CHS!$Y$25,"-"),""),IF(CHS!$Z$26=$D14,CONCATENATE(CHS!$Y$26,"-"),""),IF(CHS!$Z$27=$D14,CONCATENATE(CHS!$Y$27,"-"),""),IF(CHS!$Z$28=$D14,CONCATENATE(CHS!$Y$28,"-"),""),IF(CHS!$Z$29=$D14,CONCATENATE(CHS!$Y$29,"-"),""),IF(CHS!$Z$30=$D14,CONCATENATE(CHS!$Y$30,"-"),""),IF(CHS!$Z$31=$D14,CONCATENATE(CHS!$Y$31,"-"),""),IF(CHS!$Z$32=$D14,CONCATENATE(CHS!$Y$32,"-"),"")) | L14: =CONCATENATE(IF(CHS!$AH$13=$D14,CONCATENATE(CHS!$AG$13,"-"),""),IF(CHS!$AH$14=$D14,CONCATENATE(CHS!$AG$14,"-"),""),IF(CHS!$AH$15=$D14,CONCATENATE(CHS!$AG$15,"-"),""),IF(CHS!$AH$16=$D14,CONCATENATE(CHS!$AG$16,"-"),""),IF(CHS!$AH$17=$D14,CONCATENATE(CHS!$AG$17,"-"),""),IF(CHS!$AH$18=$D14,CONCATENATE(CHS!$AG$18,"-"),""),IF(CHS!$AH$19=$D14,CONCATENATE(CHS!$AG$19,"-"),""),IF(CHS!$AH$20=$D14,CONCATENATE(CHS!$AG$20,"-"),""),IF(CHS!$AH$21=$D14,CONCATENATE(CHS!$AG$21,"-"),""),IF(CHS!$AH$22=$D14,CONCATENATE(CHS!$AG$22,"-"),""),"") | M14: =CONCATENATE(IF(CHS!$AH$23=$D14,CONCATENATE(CHS!$AG$23,"-"),""),IF(CHS!$AH$24=$D14,CONCATENATE(CHS!$AG$24,"-"),""),IF(CHS!$AH$25=$D14,CONCATENATE(CHS!$AG$25,"-"),""),IF(CHS!$AH$26=$D14,CONCATENATE(CHS!$AG$26,"-"),""),IF(CHS!$AH$27=$D14,CONCATENATE(CHS!$AG$27,"-"),""),IF(CHS!$AH$28=$D14,CONCATENATE(CHS!$AG$28,"-"),""),IF(CHS!$AH$29=$D14,CONCATENATE(CHS!$AG$29,"-"),""),IF(CHS!$AH$30=$D14,CONCATENATE(CHS!$AG$30,"-"),""),IF(CHS!$AH$31=$D14,CONCATENATE(CHS!$AG$31,"-"),""),IF(CHS!$AH$32=$D14,CONCATENATE(CHS!$AG$32,"-"),"")) | N14: =CONCATENATE(F14,G14,H14,I14,J14,K14,L14,M14) | O14: 12 | P14: =IF(ISERROR(VLOOKUP($O14,$A$1:$B$100,2,FALSE)),"",VLOOKUP($O14,$A$1:$B$100,2,FALSE)) | Q14: =IF(P14="","",VLOOKUP($O14,$A$1:$E$100,5,FALSE)) | R14: =IF(P14="","",CHOOSE(VLOOKUP($O14,$A$1:$C$100,3,FALSE),AHS!$M$1,BHS!$M$1,CHS!$M$1,HMJHS!$M$1,KHS!$M$1,Kings!$M$1,MHS!$M$1,SWHS!$M$1,AMHS!$M$1,'S10'!$M$1,'S11'!$M$1,'S12'!$M$1,'S13'!$M$1,'S14'!$M$1,'S15'!$M$1,'S16'!$M$1,'S17'!$M$1,'S18'!$M$1,'S19'!$M$1,'S20'!$M$1)) | S14: =IF(P14="","",VLOOKUP($O14,$A$1:$E$100,4,FALSE)) | T14: =IF(P14="","",VLOOKUP($O14,$A$1:$N$100,14,FALSE))
A15: =IF(B15="","",COUNTIF($B$1:B14,B15)+B15) | B15: =IF(E15="","",RANK(E15,$E$1:$E$100)) | C15: 3 | D15: 5 | E15: =IF(CHS!$C$8="","",CHS!$C$8) | F15: =CONCATENATE(IF(CHS!$J$13=$D15,CONCATENATE(CHS!$I$13,"-"),""),IF(CHS!$J$14=$D15,CONCATENATE(CHS!$I$14,"-"),""),IF(CHS!$J$15=$D15,CONCATENATE(CHS!$I$15,"-"),""),IF(CHS!$J$16=$D15,CONCATENATE(CHS!$I$16,"-"),""),IF(CHS!$J$17=$D15,CONCATENATE(CHS!$I$17,"-"),""),IF(CHS!$J$18=$D15,CONCATENATE(CHS!$I$18,"-"),""),IF(CHS!$J$19=$D15,CONCATENATE(CHS!$I$19,"-"),""),IF(CHS!$J$20=$D15,CONCATENATE(CHS!$I$20,"-"),""),IF(CHS!$J$21=$D15,CONCATENATE(CHS!$I$21,"-"),""),IF(CHS!$J$22=$D15,CONCATENATE(CHS!$I$22,"-"),""),) | G15: =CONCATENATE(IF(CHS!$J$23=$D15,CONCATENATE(CHS!$I$23,"-"),""),IF(CHS!$J$24=$D15,CONCATENATE(CHS!$I$24,"-"),""),IF(CHS!$J$25=$D15,CONCATENATE(CHS!$I$25,"-"),""),IF(CHS!$J$26=$D15,CONCATENATE(CHS!$I$26,"-"),""),IF(CHS!$J$27=$D15,CONCATENATE(CHS!$I$27,"-"),""),IF(CHS!$J$28=$D15,CONCATENATE(CHS!$I$28,"-"),""),IF(CHS!$J$29=$D15,CONCATENATE(CHS!$I$29,"-"),""),IF(CHS!$J$30=$D15,CONCATENATE(CHS!$I$30,"-"),""),IF(CHS!$J$31=$D15,CONCATENATE(CHS!$I$31,"-"),""),IF(CHS!$J$32=$D15,CONCATENATE(CHS!$I$32,"-"),"")) | H15: =CONCATENATE(IF(CHS!$R$13=$D15,CONCATENATE(CHS!$Q$13,"-"),""),IF(CHS!$R$14=$D15,CONCATENATE(CHS!$Q$14,"-"),""),IF(CHS!$R$15=$D15,CONCATENATE(CHS!$Q$15,"-"),""),IF(CHS!$R$16=$D15,CONCATENATE(CHS!$Q$16,"-"),""),IF(CHS!$R$17=$D15,CONCATENATE(CHS!$Q$17,"-"),""),IF(CHS!$R$18=$D15,CONCATENATE(CHS!$Q$18,"-"),""),IF(CHS!$R$19=$D15,CONCATENATE(CHS!$Q$19,"-"),""),IF(CHS!$R$20=$D15,CONCATENATE(CHS!$Q$20,"-"),""),IF(CHS!$R$21=$D15,CONCATENATE(CHS!$Q$21,"-"),""),IF(CHS!$R$22=$D15,CONCATENATE(CHS!$Q$22,"-"),"")) | I15: =CONCATENATE(,IF(CHS!$R$23=$D15,CONCATENATE(CHS!$Q$23,"-"),""),IF(CHS!$R$24=$D15,CONCATENATE(CHS!$Q$24,"-"),""),IF(CHS!$R$25=$D15,CONCATENATE(CHS!$Q$25,"-"),""),IF(CHS!$R$26=$D15,CONCATENATE(CHS!$Q$26,"-"),""),IF(CHS!$R$27=$D15,CONCATENATE(CHS!$Q$27,"-"),""),IF(CHS!$R$28=$D15,CONCATENATE(CHS!$Q$28,"-"),""),IF(CHS!$R$29=$D15,CONCATENATE(CHS!$Q$29,"-"),""),IF(CHS!$R$30=$D15,CONCATENATE(CHS!$Q$30,"-"),""),IF(CHS!$R$31=$D15,CONCATENATE(CHS!$Q$31,"-"),""),IF(CHS!$R$32=$D15,CONCATENATE(CHS!$Q$32,"-"),"")) | J15: =CONCATENATE(IF(CHS!$Z$13=$D15,CONCATENATE(CHS!$Y$13,"-"),""),IF(CHS!$Z$14=$D15,CONCATENATE(CHS!$Y$14,"-"),""),IF(CHS!$Z$15=$D15,CONCATENATE(CHS!$Y$15,"-"),""),IF(CHS!$Z$16=$D15,CONCATENATE(CHS!$Y$16,"-"),""),IF(CHS!$Z$17=$D15,CONCATENATE(CHS!$Y$17,"-"),""),IF(CHS!$Z$18=$D15,CONCATENATE(CHS!$Y$18,"-"),""),IF(CHS!$Z$19=$D15,CONCATENATE(CHS!$Y$19,"-"),""),IF(CHS!$Z$20=$D15,CONCATENATE(CHS!$Y$20,"-"),""),IF(CHS!$Z$21=$D15,CONCATENATE(CHS!$Y$21,"-"),""),IF(CHS!$Z$22=$D15,CONCATENATE(CHS!$Y$22,"-"),""),"") | K15: =CONCATENATE(IF(CHS!$Z$23=$D15,CONCATENATE(CHS!$Y$23,"-"),""),IF(CHS!$Z$24=$D15,CONCATENATE(CHS!$Y$24,"-"),""),IF(CHS!$Z$25=$D15,CONCATENATE(CHS!$Y$25,"-"),""),IF(CHS!$Z$26=$D15,CONCATENATE(CHS!$Y$26,"-"),""),IF(CHS!$Z$27=$D15,CONCATENATE(CHS!$Y$27,"-"),""),IF(CHS!$Z$28=$D15,CONCATENATE(CHS!$Y$28,"-"),""),IF(CHS!$Z$29=$D15,CONCATENATE(CHS!$Y$29,"-"),""),IF(CHS!$Z$30=$D15,CONCATENATE(CHS!$Y$30,"-"),""),IF(CHS!$Z$31=$D15,CONCATENATE(CHS!$Y$31,"-"),""),IF(CHS!$Z$32=$D15,CONCATENATE(CHS!$Y$32,"-"),"")) | L15: =CONCATENATE(IF(CHS!$AH$13=$D15,CONCATENATE(CHS!$AG$13,"-"),""),IF(CHS!$AH$14=$D15,CONCATENATE(CHS!$AG$14,"-"),""),IF(CHS!$AH$15=$D15,CONCATENATE(CHS!$AG$15,"-"),""),IF(CHS!$AH$16=$D15,CONCATENATE(CHS!$AG$16,"-"),""),IF(CHS!$AH$17=$D15,CONCATENATE(CHS!$AG$17,"-"),""),IF(CHS!$AH$18=$D15,CONCATENATE(CHS!$AG$18,"-"),""),IF(CHS!$AH$19=$D15,CONCATENATE(CHS!$AG$19,"-"),""),IF(CHS!$AH$20=$D15,CONCATENATE(CHS!$AG$20,"-"),""),IF(CHS!$AH$21=$D15,CONCATENATE(CHS!$AG$21,"-"),""),IF(CHS!$AH$22=$D15,CONCATENATE(CHS!$AG$22,"-"),""),"") | M15: =CONCATENATE(IF(CHS!$AH$23=$D15,CONCATENATE(CHS!$AG$23,"-"),""),IF(CHS!$AH$24=$D15,CONCATENATE(CHS!$AG$24,"-"),""),IF(CHS!$AH$25=$D15,CONCATENATE(CHS!$AG$25,"-"),""),IF(CHS!$AH$26=$D15,CONCATENATE(CHS!$AG$26,"-"),""),IF(CHS!$AH$27=$D15,CONCATENATE(CHS!$AG$27,"-"),""),IF(CHS!$AH$28=$D15,CONCATENATE(CHS!$AG$28,"-"),""),IF(CHS!$AH$29=$D15,CONCATENATE(CHS!$AG$29,"-"),""),IF(CHS!$AH$30=$D15,CONCATENATE(CHS!$AG$30,"-"),""),IF(CHS!$AH$31=$D15,CONCATENATE(CHS!$AG$31,"-"),""),IF(CHS!$AH$32=$D15,CONCATENATE(CHS!$AG$32,"-"),"")) | N15: =CONCATENATE(F15,G15,H15,I15,J15,K15,L15,M15) | O15: 13 | P15: =IF(ISERROR(VLOOKUP($O15,$A$1:$B$100,2,FALSE)),"",VLOOKUP($O15,$A$1:$B$100,2,FALSE)) | Q15: =IF(P15="","",VLOOKUP($O15,$A$1:$E$100,5,FALSE)) | R15: =IF(P15="","",CHOOSE(VLOOKUP($O15,$A$1:$C$100,3,FALSE),AHS!$M$1,BHS!$M$1,CHS!$M$1,HMJHS!$M$1,KHS!$M$1,Kings!$M$1,MHS!$M$1,SWHS!$M$1,AMHS!$M$1,'S10'!$M$1,'S11'!$M$1,'S12'!$M$1,'S13'!$M$1,'S14'!$M$1,'S15'!$M$1,'S16'!$M$1,'S17'!$M$1,'S18'!$M$1,'S19'!$M$1,'S20'!$M$1)) | S15: =IF(P15="","",VLOOKUP($O15,$A$1:$E$100,4,FALSE)) | T15: =IF(P15="","",VLOOKUP($O15,$A$1:$N$100,14,FALSE))
A16: =IF(B16="","",COUNTIF($B$1:B15,B16)+B16) | B16: =IF(E16="","",RANK(E16,$E$1:$E$100)) | C16: 4 | D16: 1 | E16: =IF(HMJHS!$C$4="","",HMJHS!$C$4) | F16: =CONCATENATE(IF(HMJHS!$J$13=$D16,CONCATENATE(HMJHS!$I$13,"-"),""),IF(HMJHS!$J$14=$D16,CONCATENATE(HMJHS!$I$14,"-"),""),IF(HMJHS!$J$15=$D16,CONCATENATE(HMJHS!$I$15,"-"),""),IF(HMJHS!$J$16=$D16,CONCATENATE(HMJHS!$I$16,"-"),""),IF(HMJHS!$J$17=$D16,CONCATENATE(HMJHS!$I$17,"-"),""),IF(HMJHS!$J$18=$D16,CONCATENATE(HMJHS!$I$18,"-"),""),IF(HMJHS!$J$19=$D16,CONCATENATE(HMJHS!$I$19,"-"),""),IF(HMJHS!$J$20=$D16,CONCATENATE(HMJHS!$I$20,"-"),""),IF(HMJHS!$J$21=$D16,CONCATENATE(HMJHS!$I$21,"-"),""),IF(HMJHS!$J$22=$D16,CONCATENATE(HMJHS!$I$22,"-"),""),) | G16: =CONCATENATE(IF(HMJHS!$J$23=$D16,CONCATENATE(HMJHS!$I$23,"-"),""),IF(HMJHS!$J$24=$D16,CONCATENATE(HMJHS!$I$24,"-"),""),IF(HMJHS!$J$25=$D16,CONCATENATE(HMJHS!$I$25,"-"),""),IF(HMJHS!$J$26=$D16,CONCATENATE(HMJHS!$I$26,"-"),""),IF(HMJHS!$J$27=$D16,CONCATENATE(HMJHS!$I$27,"-"),""),IF(HMJHS!$J$28=$D16,CONCATENATE(HMJHS!$I$28,"-"),""),IF(HMJHS!$J$29=$D16,CONCATENATE(HMJHS!$I$29,"-"),""),IF(HMJHS!$J$30=$D16,CONCATENATE(HMJHS!$I$30,"-"),""),IF(HMJHS!$J$31=$D16,CONCATENATE(HMJHS!$I$31,"-"),""),IF(HMJHS!$J$32=$D16,CONCATENATE(HMJHS!$I$32,"-"),"")) | H16: =CONCATENATE(IF(HMJHS!$R$13=$D16,CONCATENATE(HMJHS!$Q$13,"-"),""),IF(HMJHS!$R$14=$D16,CONCATENATE(HMJHS!$Q$14,"-"),""),IF(HMJHS!$R$15=$D16,CONCATENATE(HMJHS!$Q$15,"-"),""),IF(HMJHS!$R$16=$D16,CONCATENATE(HMJHS!$Q$16,"-"),""),IF(HMJHS!$R$17=$D16,CONCATENATE(HMJHS!$Q$17,"-"),""),IF(HMJHS!$R$18=$D16,CONCATENATE(HMJHS!$Q$18,"-"),""),IF(HMJHS!$R$19=$D16,CONCATENATE(HMJHS!$Q$19,"-"),""),IF(HMJHS!$R$20=$D16,CONCATENATE(HMJHS!$Q$20,"-"),""),IF(HMJHS!$R$21=$D16,CONCATENATE(HMJHS!$Q$21,"-"),""),IF(HMJHS!$R$22=$D16,CONCATENATE(HMJHS!$Q$22,"-"),"")) | I16: =CONCATENATE(,IF(HMJHS!$R$23=$D16,CONCATENATE(HMJHS!$Q$23,"-"),""),IF(HMJHS!$R$24=$D16,CONCATENATE(HMJHS!$Q$24,"-"),""),IF(HMJHS!$R$25=$D16,CONCATENATE(HMJHS!$Q$25,"-"),""),IF(HMJHS!$R$26=$D16,CONCATENATE(HMJHS!$Q$26,"-"),""),IF(HMJHS!$R$27=$D16,CONCATENATE(HMJHS!$Q$27,"-"),""),IF(HMJHS!$R$28=$D16,CONCATENATE(HMJHS!$Q$28,"-"),""),IF(HMJHS!$R$29=$D16,CONCATENATE(HMJHS!$Q$29,"-"),""),IF(HMJHS!$R$30=$D16,CONCATENATE(HMJHS!$Q$30,"-"),""),IF(HMJHS!$R$31=$D16,CONCATENATE(HMJHS!$Q$31,"-"),""),IF(HMJHS!$R$32=$D16,CONCATENATE(HMJHS!$Q$32,"-"),"")) | J16: =CONCATENATE(IF(HMJHS!$Z$13=$D16,CONCATENATE(HMJHS!$Y$13,"-"),""),IF(HMJHS!$Z$14=$D16,CONCATENATE(HMJHS!$Y$14,"-"),""),IF(HMJHS!$Z$15=$D16,CONCATENATE(HMJHS!$Y$15,"-"),""),IF(HMJHS!$Z$16=$D16,CONCATENATE(HMJHS!$Y$16,"-"),""),IF(HMJHS!$Z$17=$D16,CONCATENATE(HMJHS!$Y$17,"-"),""),IF(HMJHS!$Z$18=$D16,CONCATENATE(HMJHS!$Y$18,"-"),""),IF(HMJHS!$Z$19=$D16,CONCATENATE(HMJHS!$Y$19,"-"),""),IF(HMJHS!$Z$20=$D16,CONCATENATE(HMJHS!$Y$20,"-"),""),IF(HMJHS!$Z$21=$D16,CONCATENATE(HMJHS!$Y$21,"-"),""),IF(HMJHS!$Z$22=$D16,CONCATENATE(HMJHS!$Y$22,"-"),""),"") | K16: =CONCATENATE(IF(HMJHS!$Z$23=$D16,CONCATENATE(HMJHS!$Y$23,"-"),""),IF(HMJHS!$Z$24=$D16,CONCATENATE(HMJHS!$Y$24,"-"),""),IF(HMJHS!$Z$25=$D16,CONCATENATE(HMJHS!$Y$25,"-"),""),IF(HMJHS!$Z$26=$D16,CONCATENATE(HMJHS!$Y$26,"-"),""),IF(HMJHS!$Z$27=$D16,CONCATENATE(HMJHS!$Y$27,"-"),""),IF(HMJHS!$Z$28=$D16,CONCATENATE(HMJHS!$Y$28,"-"),""),IF(HMJHS!$Z$29=$D16,CONCATENATE(HMJHS!$Y$29,"-"),""),IF(HMJHS!$Z$30=$D16,CONCATENATE(HMJHS!$Y$30,"-"),""),IF(HMJHS!$Z$31=$D16,CONCATENATE(HMJHS!$Y$31,"-"),""),IF(HMJHS!$Z$32=$D16,CONCATENATE(HMJHS!$Y$32,"-"),"")) | L16: =CONCATENATE(IF(HMJHS!$AH$13=$D16,CONCATENATE(HMJHS!$AG$13,"-"),""),IF(HMJHS!$AH$14=$D16,CONCATENATE(HMJHS!$AG$14,"-"),""),IF(HMJHS!$AH$15=$D16,CONCATENATE(HMJHS!$AG$15,"-"),""),IF(HMJHS!$AH$16=$D16,CONCATENATE(HMJHS!$AG$16,"-"),""),IF(HMJHS!$AH$17=$D16,CONCATENATE(HMJHS!$AG$17,"-"),""),IF(HMJHS!$AH$18=$D16,CONCATENATE(HMJHS!$AG$18,"-"),""),IF(HMJHS!$AH$19=$D16,CONCATENATE(HMJHS!$AG$19,"-"),""),IF(HMJHS!$AH$20=$D16,CONCATENATE(HMJHS!$AG$20,"-"),""),IF(HMJHS!$AH$21=$D16,CONCATENATE(HMJHS!$AG$21,"-"),""),IF(HMJHS!$AH$22=$D16,CONCATENATE(HMJHS!$AG$22,"-"),""),"") | M16: =CONCATENATE(IF(HMJHS!$AH$23=$D16,CONCATENATE(HMJHS!$AG$23,"-"),""),IF(HMJHS!$AH$24=$D16,CONCATENATE(HMJHS!$AG$24,"-"),""),IF(HMJHS!$AH$25=$D16,CONCATENATE(HMJHS!$AG$25,"-"),""),IF(HMJHS!$AH$26=$D16,CONCATENATE(HMJHS!$AG$26,"-"),""),IF(HMJHS!$AH$27=$D16,CONCATENATE(HMJHS!$AG$27,"-"),""),IF(HMJHS!$AH$28=$D16,CONCATENATE(HMJHS!$AG$28,"-"),""),IF(HMJHS!$AH$29=$D16,CONCATENATE(HMJHS!$AG$29,"-"),""),IF(HMJHS!$AH$30=$D16,CONCATENATE(HMJHS!$AG$30,"-"),""),IF(HMJHS!$AH$31=$D16,CONCATENATE(HMJHS!$AG$31,"-"),""),IF(HMJHS!$AH$32=$D16,CONCATENATE(HMJHS!$AG$32,"-"),"")) | N16: =CONCATENATE(F16,G16,H16,I16,J16,K16,L16,M16) | O16: 14 | P16: =IF(ISERROR(VLOOKUP($O16,$A$1:$B$100,2,FALSE)),"",VLOOKUP($O16,$A$1:$B$100,2,FALSE)) | Q16: =IF(P16="","",VLOOKUP($O16,$A$1:$E$100,5,FALSE)) | R16: =IF(P16="","",CHOOSE(VLOOKUP($O16,$A$1:$C$100,3,FALSE),AHS!$M$1,BHS!$M$1,CHS!$M$1,HMJHS!$M$1,KHS!$M$1,Kings!$M$1,MHS!$M$1,SWHS!$M$1,AMHS!$M$1,'S10'!$M$1,'S11'!$M$1,'S12'!$M$1,'S13'!$M$1,'S14'!$M$1,'S15'!$M$1,'S16'!$M$1,'S17'!$M$1,'S18'!$M$1,'S19'!$M$1,'S20'!$M$1)) | S16: =IF(P16="","",VLOOKUP($O16,$A$1:$E$100,4,FALSE)) | T16: =IF(P16="","",VLOOKUP($O16,$A$1:$N$100,14,FALSE))
A17: =IF(B17="","",COUNTIF($B$1:B16,B17)+B17) | B17: =IF(E17="","",RANK(E17,$E$1:$E$100)) | C17: 4 | D17: 2 | E17: =IF(HMJHS!$C$5="","",HMJHS!$C$5) | F17: =CONCATENATE(IF(HMJHS!$J$13=$D17,CONCATENATE(HMJHS!$I$13,"-"),""),IF(HMJHS!$J$14=$D17,CONCATENATE(HMJHS!$I$14,"-"),""),IF(HMJHS!$J$15=$D17,CONCATENATE(HMJHS!$I$15,"-"),""),IF(HMJHS!$J$16=$D17,CONCATENATE(HMJHS!$I$16,"-"),""),IF(HMJHS!$J$17=$D17,CONCATENATE(HMJHS!$I$17,"-"),""),IF(HMJHS!$J$18=$D17,CONCATENATE(HMJHS!$I$18,"-"),""),IF(HMJHS!$J$19=$D17,CONCATENATE(HMJHS!$I$19,"-"),""),IF(HMJHS!$J$20=$D17,CONCATENATE(HMJHS!$I$20,"-"),""),IF(HMJHS!$J$21=$D17,CONCATENATE(HMJHS!$I$21,"-"),""),IF(HMJHS!$J$22=$D17,CONCATENATE(HMJHS!$I$22,"-"),""),) | G17: =CONCATENATE(IF(HMJHS!$J$23=$D17,CONCATENATE(HMJHS!$I$23,"-"),""),IF(HMJHS!$J$24=$D17,CONCATENATE(HMJHS!$I$24,"-"),""),IF(HMJHS!$J$25=$D17,CONCATENATE(HMJHS!$I$25,"-"),""),IF(HMJHS!$J$26=$D17,CONCATENATE(HMJHS!$I$26,"-"),""),IF(HMJHS!$J$27=$D17,CONCATENATE(HMJHS!$I$27,"-"),""),IF(HMJHS!$J$28=$D17,CONCATENATE(HMJHS!$I$28,"-"),""),IF(HMJHS!$J$29=$D17,CONCATENATE(HMJHS!$I$29,"-"),""),IF(HMJHS!$J$30=$D17,CONCATENATE(HMJHS!$I$30,"-"),""),IF(HMJHS!$J$31=$D17,CONCATENATE(HMJHS!$I$31,"-"),""),IF(HMJHS!$J$32=$D17,CONCATENATE(HMJHS!$I$32,"-"),"")) | H17: =CONCATENATE(IF(HMJHS!$R$13=$D17,CONCATENATE(HMJHS!$Q$13,"-"),""),IF(HMJHS!$R$14=$D17,CONCATENATE(HMJHS!$Q$14,"-"),""),IF(HMJHS!$R$15=$D17,CONCATENATE(HMJHS!$Q$15,"-"),""),IF(HMJHS!$R$16=$D17,CONCATENATE(HMJHS!$Q$16,"-"),""),IF(HMJHS!$R$17=$D17,CONCATENATE(HMJHS!$Q$17,"-"),""),IF(HMJHS!$R$18=$D17,CONCATENATE(HMJHS!$Q$18,"-"),""),IF(HMJHS!$R$19=$D17,CONCATENATE(HMJHS!$Q$19,"-"),""),IF(HMJHS!$R$20=$D17,CONCATENATE(HMJHS!$Q$20,"-"),""),IF(HMJHS!$R$21=$D17,CONCATENATE(HMJHS!$Q$21,"-"),""),IF(HMJHS!$R$22=$D17,CONCATENATE(HMJHS!$Q$22,"-"),"")) | I17: =CONCATENATE(,IF(HMJHS!$R$23=$D17,CONCATENATE(HMJHS!$Q$23,"-"),""),IF(HMJHS!$R$24=$D17,CONCATENATE(HMJHS!$Q$24,"-"),""),IF(HMJHS!$R$25=$D17,CONCATENATE(HMJHS!$Q$25,"-"),""),IF(HMJHS!$R$26=$D17,CONCATENATE(HMJHS!$Q$26,"-"),""),IF(HMJHS!$R$27=$D17,CONCATENATE(HMJHS!$Q$27,"-"),""),IF(HMJHS!$R$28=$D17,CONCATENATE(HMJHS!$Q$28,"-"),""),IF(HMJHS!$R$29=$D17,CONCATENATE(HMJHS!$Q$29,"-"),""),IF(HMJHS!$R$30=$D17,CONCATENATE(HMJHS!$Q$30,"-"),""),IF(HMJHS!$R$31=$D17,CONCATENATE(HMJHS!$Q$31,"-"),""),IF(HMJHS!$R$32=$D17,CONCATENATE(HMJHS!$Q$32,"-"),"")) | J17: =CONCATENATE(IF(HMJHS!$Z$13=$D17,CONCATENATE(HMJHS!$Y$13,"-"),""),IF(HMJHS!$Z$14=$D17,CONCATENATE(HMJHS!$Y$14,"-"),""),IF(HMJHS!$Z$15=$D17,CONCATENATE(HMJHS!$Y$15,"-"),""),IF(HMJHS!$Z$16=$D17,CONCATENATE(HMJHS!$Y$16,"-"),""),IF(HMJHS!$Z$17=$D17,CONCATENATE(HMJHS!$Y$17,"-"),""),IF(HMJHS!$Z$18=$D17,CONCATENATE(HMJHS!$Y$18,"-"),""),IF(HMJHS!$Z$19=$D17,CONCATENATE(HMJHS!$Y$19,"-"),""),IF(HMJHS!$Z$20=$D17,CONCATENATE(HMJHS!$Y$20,"-"),""),IF(HMJHS!$Z$21=$D17,CONCATENATE(HMJHS!$Y$21,"-"),""),IF(HMJHS!$Z$22=$D17,CONCATENATE(HMJHS!$Y$22,"-"),""),"") | K17: =CONCATENATE(IF(HMJHS!$Z$23=$D17,CONCATENATE(HMJHS!$Y$23,"-"),""),IF(HMJHS!$Z$24=$D17,CONCATENATE(HMJHS!$Y$24,"-"),""),IF(HMJHS!$Z$25=$D17,CONCATENATE(HMJHS!$Y$25,"-"),""),IF(HMJHS!$Z$26=$D17,CONCATENATE(HMJHS!$Y$26,"-"),""),IF(HMJHS!$Z$27=$D17,CONCATENATE(HMJHS!$Y$27,"-"),""),IF(HMJHS!$Z$28=$D17,CONCATENATE(HMJHS!$Y$28,"-"),""),IF(HMJHS!$Z$29=$D17,CONCATENATE(HMJHS!$Y$29,"-"),""),IF(HMJHS!$Z$30=$D17,CONCATENATE(HMJHS!$Y$30,"-"),""),IF(HMJHS!$Z$31=$D17,CONCATENATE(HMJHS!$Y$31,"-"),""),IF(HMJHS!$Z$32=$D17,CONCATENATE(HMJHS!$Y$32,"-"),"")) | L17: =CONCATENATE(IF(HMJHS!$AH$13=$D17,CONCATENATE(HMJHS!$AG$13,"-"),""),IF(HMJHS!$AH$14=$D17,CONCATENATE(HMJHS!$AG$14,"-"),""),IF(HMJHS!$AH$15=$D17,CONCATENATE(HMJHS!$AG$15,"-"),""),IF(HMJHS!$AH$16=$D17,CONCATENATE(HMJHS!$AG$16,"-"),""),IF(HMJHS!$AH$17=$D17,CONCATENATE(HMJHS!$AG$17,"-"),""),IF(HMJHS!$AH$18=$D17,CONCATENATE(HMJHS!$AG$18,"-"),""),IF(HMJHS!$AH$19=$D17,CONCATENATE(HMJHS!$AG$19,"-"),""),IF(HMJHS!$AH$20=$D17,CONCATENATE(HMJHS!$AG$20,"-"),""),IF(HMJHS!$AH$21=$D17,CONCATENATE(HMJHS!$AG$21,"-"),""),IF(HMJHS!$AH$22=$D17,CONCATENATE(HMJHS!$AG$22,"-"),""),"") | M17: =CONCATENATE(IF(HMJHS!$AH$23=$D17,CONCATENATE(HMJHS!$AG$23,"-"),""),IF(HMJHS!$AH$24=$D17,CONCATENATE(HMJHS!$AG$24,"-"),""),IF(HMJHS!$AH$25=$D17,CONCATENATE(HMJHS!$AG$25,"-"),""),IF(HMJHS!$AH$26=$D17,CONCATENATE(HMJHS!$AG$26,"-"),""),IF(HMJHS!$AH$27=$D17,CONCATENATE(HMJHS!$AG$27,"-"),""),IF(HMJHS!$AH$28=$D17,CONCATENATE(HMJHS!$AG$28,"-"),""),IF(HMJHS!$AH$29=$D17,CONCATENATE(HMJHS!$AG$29,"-"),""),IF(HMJHS!$AH$30=$D17,CONCATENATE(HMJHS!$AG$30,"-"),""),IF(HMJHS!$AH$31=$D17,CONCATENATE(HMJHS!$AG$31,"-"),""),IF(HMJHS!$AH$32=$D17,CONCATENATE(HMJHS!$AG$32,"-"),"")) | N17: =CONCATENATE(F17,G17,H17,I17,J17,K17,L17,M17) | O17: 15 | P17: =IF(ISERROR(VLOOKUP($O17,$A$1:$B$100,2,FALSE)),"",VLOOKUP($O17,$A$1:$B$100,2,FALSE)) | Q17: =IF(P17="","",VLOOKUP($O17,$A$1:$E$100,5,FALSE)) | R17: =IF(P17="","",CHOOSE(VLOOKUP($O17,$A$1:$C$100,3,FALSE),AHS!$M$1,BHS!$M$1,CHS!$M$1,HMJHS!$M$1,KHS!$M$1,Kings!$M$1,MHS!$M$1,SWHS!$M$1,AMHS!$M$1,'S10'!$M$1,'S11'!$M$1,'S12'!$M$1,'S13'!$M$1,'S14'!$M$1,'S15'!$M$1,'S16'!$M$1,'S17'!$M$1,'S18'!$M$1,'S19'!$M$1,'S20'!$M$1)) | S17: =IF(P17="","",VLOOKUP($O17,$A$1:$E$100,4,FALSE)) | T17: =IF(P17="","",VLOOKUP($O17,$A$1:$N$100,14,FALSE))
A18: =IF(B18="","",COUNTIF($B$1:B17,B18)+B18) | B18: =IF(E18="","",RANK(E18,$E$1:$E$100)) | C18: 4 | D18: 3 | E18: =IF(HMJHS!$C$6="","",HMJHS!$C$6) | F18: =CONCATENATE(IF(HMJHS!$J$13=$D18,CONCATENATE(HMJHS!$I$13,"-"),""),IF(HMJHS!$J$14=$D18,CONCATENATE(HMJHS!$I$14,"-"),""),IF(HMJHS!$J$15=$D18,CONCATENATE(HMJHS!$I$15,"-"),""),IF(HMJHS!$J$16=$D18,CONCATENATE(HMJHS!$I$16,"-"),""),IF(HMJHS!$J$17=$D18,CONCATENATE(HMJHS!$I$17,"-"),""),IF(HMJHS!$J$18=$D18,CONCATENATE(HMJHS!$I$18,"-"),""),IF(HMJHS!$J$19=$D18,CONCATENATE(HMJHS!$I$19,"-"),""),IF(HMJHS!$J$20=$D18,CONCATENATE(HMJHS!$I$20,"-"),""),IF(HMJHS!$J$21=$D18,CONCATENATE(HMJHS!$I$21,"-"),""),IF(HMJHS!$J$22=$D18,CONCATENATE(HMJHS!$I$22,"-"),""),) | G18: =CONCATENATE(IF(HMJHS!$J$23=$D18,CONCATENATE(HMJHS!$I$23,"-"),""),IF(HMJHS!$J$24=$D18,CONCATENATE(HMJHS!$I$24,"-"),""),IF(HMJHS!$J$25=$D18,CONCATENATE(HMJHS!$I$25,"-"),""),IF(HMJHS!$J$26=$D18,CONCATENATE(HMJHS!$I$26,"-"),""),IF(HMJHS!$J$27=$D18,CONCATENATE(HMJHS!$I$27,"-"),""),IF(HMJHS!$J$28=$D18,CONCATENATE(HMJHS!$I$28,"-"),""),IF(HMJHS!$J$29=$D18,CONCATENATE(HMJHS!$I$29,"-"),""),IF(HMJHS!$J$30=$D18,CONCATENATE(HMJHS!$I$30,"-"),""),IF(HMJHS!$J$31=$D18,CONCATENATE(HMJHS!$I$31,"-"),""),IF(HMJHS!$J$32=$D18,CONCATENATE(HMJHS!$I$32,"-"),"")) | H18: =CONCATENATE(IF(HMJHS!$R$13=$D18,CONCATENATE(HMJHS!$Q$13,"-"),""),IF(HMJHS!$R$14=$D18,CONCATENATE(HMJHS!$Q$14,"-"),""),IF(HMJHS!$R$15=$D18,CONCATENATE(HMJHS!$Q$15,"-"),""),IF(HMJHS!$R$16=$D18,CONCATENATE(HMJHS!$Q$16,"-"),""),IF(HMJHS!$R$17=$D18,CONCATENATE(HMJHS!$Q$17,"-"),""),IF(HMJHS!$R$18=$D18,CONCATENATE(HMJHS!$Q$18,"-"),""),IF(HMJHS!$R$19=$D18,CONCATENATE(HMJHS!$Q$19,"-"),""),IF(HMJHS!$R$20=$D18,CONCATENATE(HMJHS!$Q$20,"-"),""),IF(HMJHS!$R$21=$D18,CONCATENATE(HMJHS!$Q$21,"-"),""),IF(HMJHS!$R$22=$D18,CONCATENATE(HMJHS!$Q$22,"-"),"")) | I18: =CONCATENATE(,IF(HMJHS!$R$23=$D18,CONCATENATE(HMJHS!$Q$23,"-"),""),IF(HMJHS!$R$24=$D18,CONCATENATE(HMJHS!$Q$24,"-"),""),IF(HMJHS!$R$25=$D18,CONCATENATE(HMJHS!$Q$25,"-"),""),IF(HMJHS!$R$26=$D18,CONCATENATE(HMJHS!$Q$26,"-"),""),IF(HMJHS!$R$27=$D18,CONCATENATE(HMJHS!$Q$27,"-"),""),IF(HMJHS!$R$28=$D18,CONCATENATE(HMJHS!$Q$28,"-"),""),IF(HMJHS!$R$29=$D18,CONCATENATE(HMJHS!$Q$29,"-"),""),IF(HMJHS!$R$30=$D18,CONCATENATE(HMJHS!$Q$30,"-"),""),IF(HMJHS!$R$31=$D18,CONCATENATE(HMJHS!$Q$31,"-"),""),IF(HMJHS!$R$32=$D18,CONCATENATE(HMJHS!$Q$32,"-"),"")) | J18: =CONCATENATE(IF(HMJHS!$Z$13=$D18,CONCATENATE(HMJHS!$Y$13,"-"),""),IF(HMJHS!$Z$14=$D18,CONCATENATE(HMJHS!$Y$14,"-"),""),IF(HMJHS!$Z$15=$D18,CONCATENATE(HMJHS!$Y$15,"-"),""),IF(HMJHS!$Z$16=$D18,CONCATENATE(HMJHS!$Y$16,"-"),""),IF(HMJHS!$Z$17=$D18,CONCATENATE(HMJHS!$Y$17,"-"),""),IF(HMJHS!$Z$18=$D18,CONCATENATE(HMJHS!$Y$18,"-"),""),IF(HMJHS!$Z$19=$D18,CONCATENATE(HMJHS!$Y$19,"-"),""),IF(HMJHS!$Z$20=$D18,CONCATENATE(HMJHS!$Y$20,"-"),""),IF(HMJHS!$Z$21=$D18,CONCATENATE(HMJHS!$Y$21,"-"),""),IF(HMJHS!$Z$22=$D18,CONCATENATE(HMJHS!$Y$22,"-"),""),"") | K18: =CONCATENATE(IF(HMJHS!$Z$23=$D18,CONCATENATE(HMJHS!$Y$23,"-"),""),IF(HMJHS!$Z$24=$D18,CONCATENATE(HMJHS!$Y$24,"-"),""),IF(HMJHS!$Z$25=$D18,CONCATENATE(HMJHS!$Y$25,"-"),""),IF(HMJHS!$Z$26=$D18,CONCATENATE(HMJHS!$Y$26,"-"),""),IF(HMJHS!$Z$27=$D18,CONCATENATE(HMJHS!$Y$27,"-"),""),IF(HMJHS!$Z$28=$D18,CONCATENATE(HMJHS!$Y$28,"-"),""),IF(HMJHS!$Z$29=$D18,CONCATENATE(HMJHS!$Y$29,"-"),""),IF(HMJHS!$Z$30=$D18,CONCATENATE(HMJHS!$Y$30,"-"),""),IF(HMJHS!$Z$31=$D18,CONCATENATE(HMJHS!$Y$31,"-"),""),IF(HMJHS!$Z$32=$D18,CONCATENATE(HMJHS!$Y$32,"-"),"")) | L18: =CONCATENATE(IF(HMJHS!$AH$13=$D18,CONCATENATE(HMJHS!$AG$13,"-"),""),IF(HMJHS!$AH$14=$D18,CONCATENATE(HMJHS!$AG$14,"-"),""),IF(HMJHS!$AH$15=$D18,CONCATENATE(HMJHS!$AG$15,"-"),""),IF(HMJHS!$AH$16=$D18,CONCATENATE(HMJHS!$AG$16,"-"),""),IF(HMJHS!$AH$17=$D18,CONCATENATE(HMJHS!$AG$17,"-"),""),IF(HMJHS!$AH$18=$D18,CONCATENATE(HMJHS!$AG$18,"-"),""),IF(HMJHS!$AH$19=$D18,CONCATENATE(HMJHS!$AG$19,"-"),""),IF(HMJHS!$AH$20=$D18,CONCATENATE(HMJHS!$AG$20,"-"),""),IF(HMJHS!$AH$21=$D18,CONCATENATE(HMJHS!$AG$21,"-"),""),IF(HMJHS!$AH$22=$D18,CONCATENATE(HMJHS!$AG$22,"-"),""),"") | M18: =CONCATENATE(IF(HMJHS!$AH$23=$D18,CONCATENATE(HMJHS!$AG$23,"-"),""),IF(HMJHS!$AH$24=$D18,CONCATENATE(HMJHS!$AG$24,"-"),""),IF(HMJHS!$AH$25=$D18,CONCATENATE(HMJHS!$AG$25,"-"),""),IF(HMJHS!$AH$26=$D18,CONCATENATE(HMJHS!$AG$26,"-"),""),IF(HMJHS!$AH$27=$D18,CONCATENATE(HMJHS!$AG$27,"-"),""),IF(HMJHS!$AH$28=$D18,CONCATENATE(HMJHS!$AG$28,"-"),""),IF(HMJHS!$AH$29=$D18,CONCATENATE(HMJHS!$AG$29,"-"),""),IF(HMJHS!$AH$30=$D18,CONCATENATE(HMJHS!$AG$30,"-"),""),IF(HMJHS!$AH$31=$D18,CONCATENATE(HMJHS!$AG$31,"-"),""),IF(HMJHS!$AH$32=$D18,CONCATENATE(HMJHS!$AG$32,"-"),"")) | N18: =CONCATENATE(F18,G18,H18,I18,J18,K18,L18,M18) | O18: 16 | P18: =IF(ISERROR(VLOOKUP($O18,$A$1:$B$100,2,FALSE)),"",VLOOKUP($O18,$A$1:$B$100,2,FALSE)) | Q18: =IF(P18="","",VLOOKUP($O18,$A$1:$E$100,5,FALSE)) | R18: =IF(P18="","",CHOOSE(VLOOKUP($O18,$A$1:$C$100,3,FALSE),AHS!$M$1,BHS!$M$1,CHS!$M$1,HMJHS!$M$1,KHS!$M$1,Kings!$M$1,MHS!$M$1,SWHS!$M$1,AMHS!$M$1,'S10'!$M$1,'S11'!$M$1,'S12'!$M$1,'S13'!$M$1,'S14'!$M$1,'S15'!$M$1,'S16'!$M$1,'S17'!$M$1,'S18'!$M$1,'S19'!$M$1,'S20'!$M$1)) | S18: =IF(P18="","",VLOOKUP($O18,$A$1:$E$100,4,FALSE)) | T18: =IF(P18="","",VLOOKUP($O18,$A$1:$N$100,14,FALSE))
A19: =IF(B19="","",COUNTIF($B$1:B18,B19)+B19) | B19: =IF(E19="","",RANK(E19,$E$1:$E$100)) | C19: 4 | D19: 4 | E19: =IF(HMJHS!$C$7="","",HMJHS!$C$7) | F19: =CONCATENATE(IF(HMJHS!$J$13=$D19,CONCATENATE(HMJHS!$I$13,"-"),""),IF(HMJHS!$J$14=$D19,CONCATENATE(HMJHS!$I$14,"-"),""),IF(HMJHS!$J$15=$D19,CONCATENATE(HMJHS!$I$15,"-"),""),IF(HMJHS!$J$16=$D19,CONCATENATE(HMJHS!$I$16,"-"),""),IF(HMJHS!$J$17=$D19,CONCATENATE(HMJHS!$I$17,"-"),""),IF(HMJHS!$J$18=$D19,CONCATENATE(HMJHS!$I$18,"-"),""),IF(HMJHS!$J$19=$D19,CONCATENATE(HMJHS!$I$19,"-"),""),IF(HMJHS!$J$20=$D19,CONCATENATE(HMJHS!$I$20,"-"),""),IF(HMJHS!$J$21=$D19,CONCATENATE(HMJHS!$I$21,"-"),""),IF(HMJHS!$J$22=$D19,CONCATENATE(HMJHS!$I$22,"-"),""),) | G19: =CONCATENATE(IF(HMJHS!$J$23=$D19,CONCATENATE(HMJHS!$I$23,"-"),""),IF(HMJHS!$J$24=$D19,CONCATENATE(HMJHS!$I$24,"-"),""),IF(HMJHS!$J$25=$D19,CONCATENATE(HMJHS!$I$25,"-"),""),IF(HMJHS!$J$26=$D19,CONCATENATE(HMJHS!$I$26,"-"),""),IF(HMJHS!$J$27=$D19,CONCATENATE(HMJHS!$I$27,"-"),""),IF(HMJHS!$J$28=$D19,CONCATENATE(HMJHS!$I$28,"-"),""),IF(HMJHS!$J$29=$D19,CONCATENATE(HMJHS!$I$29,"-"),""),IF(HMJHS!$J$30=$D19,CONCATENATE(HMJHS!$I$30,"-"),""),IF(HMJHS!$J$31=$D19,CONCATENATE(HMJHS!$I$31,"-"),""),IF(HMJHS!$J$32=$D19,CONCATENATE(HMJHS!$I$32,"-"),"")) | H19: =CONCATENATE(IF(HMJHS!$R$13=$D19,CONCATENATE(HMJHS!$Q$13,"-"),""),IF(HMJHS!$R$14=$D19,CONCATENATE(HMJHS!$Q$14,"-"),""),IF(HMJHS!$R$15=$D19,CONCATENATE(HMJHS!$Q$15,"-"),""),IF(HMJHS!$R$16=$D19,CONCATENATE(HMJHS!$Q$16,"-"),""),IF(HMJHS!$R$17=$D19,CONCATENATE(HMJHS!$Q$17,"-"),""),IF(HMJHS!$R$18=$D19,CONCATENATE(HMJHS!$Q$18,"-"),""),IF(HMJHS!$R$19=$D19,CONCATENATE(HMJHS!$Q$19,"-"),""),IF(HMJHS!$R$20=$D19,CONCATENATE(HMJHS!$Q$20,"-"),""),IF(HMJHS!$R$21=$D19,CONCATENATE(HMJHS!$Q$21,"-"),""),IF(HMJHS!$R$22=$D19,CONCATENATE(HMJHS!$Q$22,"-"),"")) | I19: =CONCATENATE(,IF(HMJHS!$R$23=$D19,CONCATENATE(HMJHS!$Q$23,"-"),""),IF(HMJHS!$R$24=$D19,CONCATENATE(HMJHS!$Q$24,"-"),""),IF(HMJHS!$R$25=$D19,CONCATENATE(HMJHS!$Q$25,"-"),""),IF(HMJHS!$R$26=$D19,CONCATENATE(HMJHS!$Q$26,"-"),""),IF(HMJHS!$R$27=$D19,CONCATENATE(HMJHS!$Q$27,"-"),""),IF(HMJHS!$R$28=$D19,CONCATENATE(HMJHS!$Q$28,"-"),""),IF(HMJHS!$R$29=$D19,CONCATENATE(HMJHS!$Q$29,"-"),""),IF(HMJHS!$R$30=$D19,CONCATENATE(HMJHS!$Q$30,"-"),""),IF(HMJHS!$R$31=$D19,CONCATENATE(HMJHS!$Q$31,"-"),""),IF(HMJHS!$R$32=$D19,CONCATENATE(HMJHS!$Q$32,"-"),"")) | J19: =CONCATENATE(IF(HMJHS!$Z$13=$D19,CONCATENATE(HMJHS!$Y$13,"-"),""),IF(HMJHS!$Z$14=$D19,CONCATENATE(HMJHS!$Y$14,"-"),""),IF(HMJHS!$Z$15=$D19,CONCATENATE(HMJHS!$Y$15,"-"),""),IF(HMJHS!$Z$16=$D19,CONCATENATE(HMJHS!$Y$16,"-"),""),IF(HMJHS!$Z$17=$D19,CONCATENATE(HMJHS!$Y$17,"-"),""),IF(HMJHS!$Z$18=$D19,CONCATENATE(HMJHS!$Y$18,"-"),""),IF(HMJHS!$Z$19=$D19,CONCATENATE(HMJHS!$Y$19,"-"),""),IF(HMJHS!$Z$20=$D19,CONCATENATE(HMJHS!$Y$20,"-"),""),IF(HMJHS!$Z$21=$D19,CONCATENATE(HMJHS!$Y$21,"-"),""),IF(HMJHS!$Z$22=$D19,CONCATENATE(HMJHS!$Y$22,"-"),""),"") | K19: =CONCATENATE(IF(HMJHS!$Z$23=$D19,CONCATENATE(HMJHS!$Y$23,"-"),""),IF(HMJHS!$Z$24=$D19,CONCATENATE(HMJHS!$Y$24,"-"),""),IF(HMJHS!$Z$25=$D19,CONCATENATE(HMJHS!$Y$25,"-"),""),IF(HMJHS!$Z$26=$D19,CONCATENATE(HMJHS!$Y$26,"-"),""),IF(HMJHS!$Z$27=$D19,CONCATENATE(HMJHS!$Y$27,"-"),""),IF(HMJHS!$Z$28=$D19,CONCATENATE(HMJHS!$Y$28,"-"),""),IF(HMJHS!$Z$29=$D19,CONCATENATE(HMJHS!$Y$29,"-"),""),IF(HMJHS!$Z$30=$D19,CONCATENATE(HMJHS!$Y$30,"-"),""),IF(HMJHS!$Z$31=$D19,CONCATENATE(HMJHS!$Y$31,"-"),""),IF(HMJHS!$Z$32=$D19,CONCATENATE(HMJHS!$Y$32,"-"),"")) | L19: =CONCATENATE(IF(HMJHS!$AH$13=$D19,CONCATENATE(HMJHS!$AG$13,"-"),""),IF(HMJHS!$AH$14=$D19,CONCATENATE(HMJHS!$AG$14,"-"),""),IF(HMJHS!$AH$15=$D19,CONCATENATE(HMJHS!$AG$15,"-"),""),IF(HMJHS!$AH$16=$D19,CONCATENATE(HMJHS!$AG$16,"-"),""),IF(HMJHS!$AH$17=$D19,CONCATENATE(HMJHS!$AG$17,"-"),""),IF(HMJHS!$AH$18=$D19,CONCATENATE(HMJHS!$AG$18,"-"),""),IF(HMJHS!$AH$19=$D19,CONCATENATE(HMJHS!$AG$19,"-"),""),IF(HMJHS!$AH$20=$D19,CONCATENATE(HMJHS!$AG$20,"-"),""),IF(HMJHS!$AH$21=$D19,CONCATENATE(HMJHS!$AG$21,"-"),""),IF(HMJHS!$AH$22=$D19,CONCATENATE(HMJHS!$AG$22,"-"),""),"") | M19: =CONCATENATE(IF(HMJHS!$AH$23=$D19,CONCATENATE(HMJHS!$AG$23,"-"),""),IF(HMJHS!$AH$24=$D19,CONCATENATE(HMJHS!$AG$24,"-"),""),IF(HMJHS!$AH$25=$D19,CONCATENATE(HMJHS!$AG$25,"-"),""),IF(HMJHS!$AH$26=$D19,CONCATENATE(HMJHS!$AG$26,"-"),""),IF(HMJHS!$AH$27=$D19,CONCATENATE(HMJHS!$AG$27,"-"),""),IF(HMJHS!$AH$28=$D19,CONCATENATE(HMJHS!$AG$28,"-"),""),IF(HMJHS!$AH$29=$D19,CONCATENATE(HMJHS!$AG$29,"-"),""),IF(HMJHS!$AH$30=$D19,CONCATENATE(HMJHS!$AG$30,"-"),""),IF(HMJHS!$AH$31=$D19,CONCATENATE(HMJHS!$AG$31,"-"),""),IF(HMJHS!$AH$32=$D19,CONCATENATE(HMJHS!$AG$32,"-"),"")) | N19: =CONCATENATE(F19,G19,H19,I19,J19,K19,L19,M19) | O19: 17 | P19: =IF(ISERROR(VLOOKUP($O19,$A$1:$B$100,2,FALSE)),"",VLOOKUP($O19,$A$1:$B$100,2,FALSE)) | Q19: =IF(P19="","",VLOOKUP($O19,$A$1:$E$100,5,FALSE)) | R19: =IF(P19="","",CHOOSE(VLOOKUP($O19,$A$1:$C$100,3,FALSE),AHS!$M$1,BHS!$M$1,CHS!$M$1,HMJHS!$M$1,KHS!$M$1,Kings!$M$1,MHS!$M$1,SWHS!$M$1,AMHS!$M$1,'S10'!$M$1,'S11'!$M$1,'S12'!$M$1,'S13'!$M$1,'S14'!$M$1,'S15'!$M$1,'S16'!$M$1,'S17'!$M$1,'S18'!$M$1,'S19'!$M$1,'S20'!$M$1)) | S19: =IF(P19="","",VLOOKUP($O19,$A$1:$E$100,4,FALSE)) | T19: =IF(P19="","",VLOOKUP($O19,$A$1:$N$100,14,FALSE))
A20: =IF(B20="","",COUNTIF($B$1:B19,B20)+B20) | B20: =IF(E20="","",RANK(E20,$E$1:$E$100)) | C20: 4 | D20: 5 | E20: =IF(HMJHS!$C$8="","",HMJHS!$C$8) | F20: =CONCATENATE(IF(HMJHS!$J$13=$D20,CONCATENATE(HMJHS!$I$13,"-"),""),IF(HMJHS!$J$14=$D20,CONCATENATE(HMJHS!$I$14,"-"),""),IF(HMJHS!$J$15=$D20,CONCATENATE(HMJHS!$I$15,"-"),""),IF(HMJHS!$J$16=$D20,CONCATENATE(HMJHS!$I$16,"-"),""),IF(HMJHS!$J$17=$D20,CONCATENATE(HMJHS!$I$17,"-"),""),IF(HMJHS!$J$18=$D20,CONCATENATE(HMJHS!$I$18,"-"),""),IF(HMJHS!$J$19=$D20,CONCATENATE(HMJHS!$I$19,"-"),""),IF(HMJHS!$J$20=$D20,CONCATENATE(HMJHS!$I$20,"-"),""),IF(HMJHS!$J$21=$D20,CONCATENATE(HMJHS!$I$21,"-"),""),IF(HMJHS!$J$22=$D20,CONCATENATE(HMJHS!$I$22,"-"),""),) | G20: =CONCATENATE(IF(HMJHS!$J$23=$D20,CONCATENATE(HMJHS!$I$23,"-"),""),IF(HMJHS!$J$24=$D20,CONCATENATE(HMJHS!$I$24,"-"),""),IF(HMJHS!$J$25=$D20,CONCATENATE(HMJHS!$I$25,"-"),""),IF(HMJHS!$J$26=$D20,CONCATENATE(HMJHS!$I$26,"-"),""),IF(HMJHS!$J$27=$D20,CONCATENATE(HMJHS!$I$27,"-"),""),IF(HMJHS!$J$28=$D20,CONCATENATE(HMJHS!$I$28,"-"),""),IF(HMJHS!$J$29=$D20,CONCATENATE(HMJHS!$I$29,"-"),""),IF(HMJHS!$J$30=$D20,CONCATENATE(HMJHS!$I$30,"-"),""),IF(HMJHS!$J$31=$D20,CONCATENATE(HMJHS!$I$31,"-"),""),IF(HMJHS!$J$32=$D20,CONCATENATE(HMJHS!$I$32,"-"),"")) | H20: =CONCATENATE(IF(HMJHS!$R$13=$D20,CONCATENATE(HMJHS!$Q$13,"-"),""),IF(HMJHS!$R$14=$D20,CONCATENATE(HMJHS!$Q$14,"-"),""),IF(HMJHS!$R$15=$D20,CONCATENATE(HMJHS!$Q$15,"-"),""),IF(HMJHS!$R$16=$D20,CONCATENATE(HMJHS!$Q$16,"-"),""),IF(HMJHS!$R$17=$D20,CONCATENATE(HMJHS!$Q$17,"-"),""),IF(HMJHS!$R$18=$D20,CONCATENATE(HMJHS!$Q$18,"-"),""),IF(HMJHS!$R$19=$D20,CONCATENATE(HMJHS!$Q$19,"-"),""),IF(HMJHS!$R$20=$D20,CONCATENATE(HMJHS!$Q$20,"-"),""),IF(HMJHS!$R$21=$D20,CONCATENATE(HMJHS!$Q$21,"-"),""),IF(HMJHS!$R$22=$D20,CONCATENATE(HMJHS!$Q$22,"-"),"")) | I20: =CONCATENATE(,IF(HMJHS!$R$23=$D20,CONCATENATE(HMJHS!$Q$23,"-"),""),IF(HMJHS!$R$24=$D20,CONCATENATE(HMJHS!$Q$24,"-"),""),IF(HMJHS!$R$25=$D20,CONCATENATE(HMJHS!$Q$25,"-"),""),IF(HMJHS!$R$26=$D20,CONCATENATE(HMJHS!$Q$26,"-"),""),IF(HMJHS!$R$27=$D20,CONCATENATE(HMJHS!$Q$27,"-"),""),IF(HMJHS!$R$28=$D20,CONCATENATE(HMJHS!$Q$28,"-"),""),IF(HMJHS!$R$29=$D20,CONCATENATE(HMJHS!$Q$29,"-"),""),IF(HMJHS!$R$30=$D20,CONCATENATE(HMJHS!$Q$30,"-"),""),IF(HMJHS!$R$31=$D20,CONCATENATE(HMJHS!$Q$31,"-"),""),IF(HMJHS!$R$32=$D20,CONCATENATE(HMJHS!$Q$32,"-"),"")) | J20: =CONCATENATE(IF(HMJHS!$Z$13=$D20,CONCATENATE(HMJHS!$Y$13,"-"),""),IF(HMJHS!$Z$14=$D20,CONCATENATE(HMJHS!$Y$14,"-"),""),IF(HMJHS!$Z$15=$D20,CONCATENATE(HMJHS!$Y$15,"-"),""),IF(HMJHS!$Z$16=$D20,CONCATENATE(HMJHS!$Y$16,"-"),""),IF(HMJHS!$Z$17=$D20,CONCATENATE(HMJHS!$Y$17,"-"),""),IF(HMJHS!$Z$18=$D20,CONCATENATE(HMJHS!$Y$18,"-"),""),IF(HMJHS!$Z$19=$D20,CONCATENATE(HMJHS!$Y$19,"-"),""),IF(HMJHS!$Z$20=$D20,CONCATENATE(HMJHS!$Y$20,"-"),""),IF(HMJHS!$Z$21=$D20,CONCATENATE(HMJHS!$Y$21,"-"),""),IF(HMJHS!$Z$22=$D20,CONCATENATE(HMJHS!$Y$22,"-"),""),"") | K20: =CONCATENATE(IF(HMJHS!$Z$23=$D20,CONCATENATE(HMJHS!$Y$23,"-"),""),IF(HMJHS!$Z$24=$D20,CONCATENATE(HMJHS!$Y$24,"-"),""),IF(HMJHS!$Z$25=$D20,CONCATENATE(HMJHS!$Y$25,"-"),""),IF(HMJHS!$Z$26=$D20,CONCATENATE(HMJHS!$Y$26,"-"),""),IF(HMJHS!$Z$27=$D20,CONCATENATE(HMJHS!$Y$27,"-"),""),IF(HMJHS!$Z$28=$D20,CONCATENATE(HMJHS!$Y$28,"-"),""),IF(HMJHS!$Z$29=$D20,CONCATENATE(HMJHS!$Y$29,"-"),""),IF(HMJHS!$Z$30=$D20,CONCATENATE(HMJHS!$Y$30,"-"),""),IF(HMJHS!$Z$31=$D20,CONCATENATE(HMJHS!$Y$31,"-"),""),IF(HMJHS!$Z$32=$D20,CONCATENATE(HMJHS!$Y$32,"-"),"")) | L20: =CONCATENATE(IF(HMJHS!$AH$13=$D20,CONCATENATE(HMJHS!$AG$13,"-"),""),IF(HMJHS!$AH$14=$D20,CONCATENATE(HMJHS!$AG$14,"-"),""),IF(HMJHS!$AH$15=$D20,CONCATENATE(HMJHS!$AG$15,"-"),""),IF(HMJHS!$AH$16=$D20,CONCATENATE(HMJHS!$AG$16,"-"),""),IF(HMJHS!$AH$17=$D20,CONCATENATE(HMJHS!$AG$17,"-"),""),IF(HMJHS!$AH$18=$D20,CONCATENATE(HMJHS!$AG$18,"-"),""),IF(HMJHS!$AH$19=$D20,CONCATENATE(HMJHS!$AG$19,"-"),""),IF(HMJHS!$AH$20=$D20,CONCATENATE(HMJHS!$AG$20,"-"),""),IF(HMJHS!$AH$21=$D20,CONCATENATE(HMJHS!$AG$21,"-"),""),IF(HMJHS!$AH$22=$D20,CONCATENATE(HMJHS!$AG$22,"-"),""),"") | M20: =CONCATENATE(IF(HMJHS!$AH$23=$D20,CONCATENATE(HMJHS!$AG$23,"-"),""),IF(HMJHS!$AH$24=$D20,CONCATENATE(HMJHS!$AG$24,"-"),""),IF(HMJHS!$AH$25=$D20,CONCATENATE(HMJHS!$AG$25,"-"),""),IF(HMJHS!$AH$26=$D20,CONCATENATE(HMJHS!$AG$26,"-"),""),IF(HMJHS!$AH$27=$D20,CONCATENATE(HMJHS!$AG$27,"-"),""),IF(HMJHS!$AH$28=$D20,CONCATENATE(HMJHS!$AG$28,"-"),""),IF(HMJHS!$AH$29=$D20,CONCATENATE(HMJHS!$AG$29,"-"),""),IF(HMJHS!$AH$30=$D20,CONCATENATE(HMJHS!$AG$30,"-"),""),IF(HMJHS!$AH$31=$D20,CONCATENATE(HMJHS!$AG$31,"-"),""),IF(HMJHS!$AH$32=$D20,CONCATENATE(HMJHS!$AG$32,"-"),"")) | N20: =CONCATENATE(F20,G20,H20,I20,J20,K20,L20,M20) | O20: 18 | P20: =IF(ISERROR(VLOOKUP($O20,$A$1:$B$100,2,FALSE)),"",VLOOKUP($O20,$A$1:$B$100,2,FALSE)) | Q20: =IF(P20="","",VLOOKUP($O20,$A$1:$E$100,5,FALSE)) | R20: =IF(P20="","",CHOOSE(VLOOKUP($O20,$A$1:$C$100,3,FALSE),AHS!$M$1,BHS!$M$1,CHS!$M$1,HMJHS!$M$1,KHS!$M$1,Kings!$M$1,MHS!$M$1,SWHS!$M$1,AMHS!$M$1,'S10'!$M$1,'S11'!$M$1,'S12'!$M$1,'S13'!$M$1,'S14'!$M$1,'S15'!$M$1,'S16'!$M$1,'S17'!$M$1,'S18'!$M$1,'S19'!$M$1,'S20'!$M$1)) | S20: =IF(P20="","",VLOOKUP($O20,$A$1:$E$100,4,FALSE)) | T20: =IF(P20="","",VLOOKUP($O20,$A$1:$N$100,14,FALSE))
A21: =IF(B21="","",COUNTIF($B$1:B20,B21)+B21) | B21: =IF(E21="","",RANK(E21,$E$1:$E$100)) | C21: 5 | D21: 1 | E21: =IF(KHS!$C$4="","",KHS!$C$4) | F21: =CONCATENATE(IF(KHS!$J$13=$D21,CONCATENATE(KHS!$I$13,"-"),""),IF(KHS!$J$14=$D21,CONCATENATE(KHS!$I$14,"-"),""),IF(KHS!$J$15=$D21,CONCATENATE(KHS!$I$15,"-"),""),IF(KHS!$J$16=$D21,CONCATENATE(KHS!$I$16,"-"),""),IF(KHS!$J$17=$D21,CONCATENATE(KHS!$I$17,"-"),""),IF(KHS!$J$18=$D21,CONCATENATE(KHS!$I$18,"-"),""),IF(KHS!$J$19=$D21,CONCATENATE(KHS!$I$19,"-"),""),IF(KHS!$J$20=$D21,CONCATENATE(KHS!$I$20,"-"),""),IF(KHS!$J$21=$D21,CONCATENATE(KHS!$I$21,"-"),""),IF(KHS!$J$22=$D21,CONCATENATE(KHS!$I$22,"-"),""),) | G21: =CONCATENATE(IF(KHS!$J$23=$D21,CONCATENATE(KHS!$I$23,"-"),""),IF(KHS!$J$24=$D21,CONCATENATE(KHS!$I$24,"-"),""),IF(KHS!$J$25=$D21,CONCATENATE(KHS!$I$25,"-"),""),IF(KHS!$J$26=$D21,CONCATENATE(KHS!$I$26,"-"),""),IF(KHS!$J$27=$D21,CONCATENATE(KHS!$I$27,"-"),""),IF(KHS!$J$28=$D21,CONCATENATE(KHS!$I$28,"-"),""),IF(KHS!$J$29=$D21,CONCATENATE(KHS!$I$29,"-"),""),IF(KHS!$J$30=$D21,CONCATENATE(KHS!$I$30,"-"),""),IF(KHS!$J$31=$D21,CONCATENATE(KHS!$I$31,"-"),""),IF(KHS!$J$32=$D21,CONCATENATE(KHS!$I$32,"-"),"")) | H21: =CONCATENATE(IF(KHS!$R$13=$D21,CONCATENATE(KHS!$Q$13,"-"),""),IF(KHS!$R$14=$D21,CONCATENATE(KHS!$Q$14,"-"),""),IF(KHS!$R$15=$D21,CONCATENATE(KHS!$Q$15,"-"),""),IF(KHS!$R$16=$D21,CONCATENATE(KHS!$Q$16,"-"),""),IF(KHS!$R$17=$D21,CONCATENATE(KHS!$Q$17,"-"),""),IF(KHS!$R$18=$D21,CONCATENATE(KHS!$Q$18,"-"),""),IF(KHS!$R$19=$D21,CONCATENATE(KHS!$Q$19,"-"),""),IF(KHS!$R$20=$D21,CONCATENATE(KHS!$Q$20,"-"),""),IF(KHS!$R$21=$D21,CONCATENATE(KHS!$Q$21,"-"),""),IF(KHS!$R$22=$D21,CONCATENATE(KHS!$Q$22,"-"),"")) | I21: =CONCATENATE(,IF(KHS!$R$23=$D21,CONCATENATE(KHS!$Q$23,"-"),""),IF(KHS!$R$24=$D21,CONCATENATE(KHS!$Q$24,"-"),""),IF(KHS!$R$25=$D21,CONCATENATE(KHS!$Q$25,"-"),""),IF(KHS!$R$26=$D21,CONCATENATE(KHS!$Q$26,"-"),""),IF(KHS!$R$27=$D21,CONCATENATE(KHS!$Q$27,"-"),""),IF(KHS!$R$28=$D21,CONCATENATE(KHS!$Q$28,"-"),""),IF(KHS!$R$29=$D21,CONCATENATE(KHS!$Q$29,"-"),""),IF(KHS!$R$30=$D21,CONCATENATE(KHS!$Q$30,"-"),""),IF(KHS!$R$31=$D21,CONCATENATE(KHS!$Q$31,"-"),""),IF(KHS!$R$32=$D21,CONCATENATE(KHS!$Q$32,"-"),"")) | J21: =CONCATENATE(IF(KHS!$Z$13=$D21,CONCATENATE(KHS!$Y$13,"-"),""),IF(KHS!$Z$14=$D21,CONCATENATE(KHS!$Y$14,"-"),""),IF(KHS!$Z$15=$D21,CONCATENATE(KHS!$Y$15,"-"),""),IF(KHS!$Z$16=$D21,CONCATENATE(KHS!$Y$16,"-"),""),IF(KHS!$Z$17=$D21,CONCATENATE(KHS!$Y$17,"-"),""),IF(KHS!$Z$18=$D21,CONCATENATE(KHS!$Y$18,"-"),""),IF(KHS!$Z$19=$D21,CONCATENATE(KHS!$Y$19,"-"),""),IF(KHS!$Z$20=$D21,CONCATENATE(KHS!$Y$20,"-"),""),IF(KHS!$Z$21=$D21,CONCATENATE(KHS!$Y$21,"-"),""),IF(KHS!$Z$22=$D21,CONCATENATE(KHS!$Y$22,"-"),""),"") | K21: =CONCATENATE(IF(KHS!$Z$23=$D21,CONCATENATE(KHS!$Y$23,"-"),""),IF(KHS!$Z$24=$D21,CONCATENATE(KHS!$Y$24,"-"),""),IF(KHS!$Z$25=$D21,CONCATENATE(KHS!$Y$25,"-"),""),IF(KHS!$Z$26=$D21,CONCATENATE(KHS!$Y$26,"-"),""),IF(KHS!$Z$27=$D21,CONCATENATE(KHS!$Y$27,"-"),""),IF(KHS!$Z$28=$D21,CONCATENATE(KHS!$Y$28,"-"),""),IF(KHS!$Z$29=$D21,CONCATENATE(KHS!$Y$29,"-"),""),IF(KHS!$Z$30=$D21,CONCATENATE(KHS!$Y$30,"-"),""),IF(KHS!$Z$31=$D21,CONCATENATE(KHS!$Y$31,"-"),""),IF(KHS!$Z$32=$D21,CONCATENATE(KHS!$Y$32,"-"),"")) | L21: =CONCATENATE(IF(KHS!$AH$13=$D21,CONCATENATE(KHS!$AG$13,"-"),""),IF(KHS!$AH$14=$D21,CONCATENATE(KHS!$AG$14,"-"),""),IF(KHS!$AH$15=$D21,CONCATENATE(KHS!$AG$15,"-"),""),IF(KHS!$AH$16=$D21,CONCATENATE(KHS!$AG$16,"-"),""),IF(KHS!$AH$17=$D21,CONCATENATE(KHS!$AG$17,"-"),""),IF(KHS!$AH$18=$D21,CONCATENATE(KHS!$AG$18,"-"),""),IF(KHS!$AH$19=$D21,CONCATENATE(KHS!$AG$19,"-"),""),IF(KHS!$AH$20=$D21,CONCATENATE(KHS!$AG$20,"-"),""),IF(KHS!$AH$21=$D21,CONCATENATE(KHS!$AG$21,"-"),""),IF(KHS!$AH$22=$D21,CONCATENATE(KHS!$AG$22,"-"),""),"") | M21: =CONCATENATE(IF(KHS!$AH$23=$D21,CONCATENATE(KHS!$AG$23,"-"),""),IF(KHS!$AH$24=$D21,CONCATENATE(KHS!$AG$24,"-"),""),IF(KHS!$AH$25=$D21,CONCATENATE(KHS!$AG$25,"-"),""),IF(KHS!$AH$26=$D21,CONCATENATE(KHS!$AG$26,"-"),""),IF(KHS!$AH$27=$D21,CONCATENATE(KHS!$AG$27,"-"),""),IF(KHS!$AH$28=$D21,CONCATENATE(KHS!$AG$28,"-"),""),IF(KHS!$AH$29=$D21,CONCATENATE(KHS!$AG$29,"-"),""),IF(KHS!$AH$30=$D21,CONCATENATE(KHS!$AG$30,"-"),""),IF(KHS!$AH$31=$D21,CONCATENATE(KHS!$AG$31,"-"),""),IF(KHS!$AH$32=$D21,CONCATENATE(KHS!$AG$32,"-"),"")) | N21: =CONCATENATE(F21,G21,H21,I21,J21,K21,L21,M21) | O21: 19 | P21: =IF(ISERROR(VLOOKUP($O21,$A$1:$B$100,2,FALSE)),"",VLOOKUP($O21,$A$1:$B$100,2,FALSE)) | Q21: =IF(P21="","",VLOOKUP($O21,$A$1:$E$100,5,FALSE)) | R21: =IF(P21="","",CHOOSE(VLOOKUP($O21,$A$1:$C$100,3,FALSE),AHS!$M$1,BHS!$M$1,CHS!$M$1,HMJHS!$M$1,KHS!$M$1,Kings!$M$1,MHS!$M$1,SWHS!$M$1,AMHS!$M$1,'S10'!$M$1,'S11'!$M$1,'S12'!$M$1,'S13'!$M$1,'S14'!$M$1,'S15'!$M$1,'S16'!$M$1,'S17'!$M$1,'S18'!$M$1,'S19'!$M$1,'S20'!$M$1)) | S21: =IF(P21="","",VLOOKUP($O21,$A$1:$E$100,4,FALSE)) | T21: =IF(P21="","",VLOOKUP($O21,$A$1:$N$100,14,FALSE))
A22: =IF(B22="","",COUNTIF($B$1:B21,B22)+B22) | B22: =IF(E22="","",RANK(E22,$E$1:$E$100)) | C22: 5 | D22: 2 | E22: =IF(KHS!$C$5="","",KHS!$C$5) | F22: =CONCATENATE(IF(KHS!$J$13=$D22,CONCATENATE(KHS!$I$13,"-"),""),IF(KHS!$J$14=$D22,CONCATENATE(KHS!$I$14,"-"),""),IF(KHS!$J$15=$D22,CONCATENATE(KHS!$I$15,"-"),""),IF(KHS!$J$16=$D22,CONCATENATE(KHS!$I$16,"-"),""),IF(KHS!$J$17=$D22,CONCATENATE(KHS!$I$17,"-"),""),IF(KHS!$J$18=$D22,CONCATENATE(KHS!$I$18,"-"),""),IF(KHS!$J$19=$D22,CONCATENATE(KHS!$I$19,"-"),""),IF(KHS!$J$20=$D22,CONCATENATE(KHS!$I$20,"-"),""),IF(KHS!$J$21=$D22,CONCATENATE(KHS!$I$21,"-"),""),IF(KHS!$J$22=$D22,CONCATENATE(KHS!$I$22,"-"),""),) | G22: =CONCATENATE(IF(KHS!$J$23=$D22,CONCATENATE(KHS!$I$23,"-"),""),IF(KHS!$J$24=$D22,CONCATENATE(KHS!$I$24,"-"),""),IF(KHS!$J$25=$D22,CONCATENATE(KHS!$I$25,"-"),""),IF(KHS!$J$26=$D22,CONCATENATE(KHS!$I$26,"-"),""),IF(KHS!$J$27=$D22,CONCATENATE(KHS!$I$27,"-"),""),IF(KHS!$J$28=$D22,CONCATENATE(KHS!$I$28,"-"),""),IF(KHS!$J$29=$D22,CONCATENATE(KHS!$I$29,"-"),""),IF(KHS!$J$30=$D22,CONCATENATE(KHS!$I$30,"-"),""),IF(KHS!$J$31=$D22,CONCATENATE(KHS!$I$31,"-"),""),IF(KHS!$J$32=$D22,CONCATENATE(KHS!$I$32,"-"),"")) | H22: =CONCATENATE(IF(KHS!$R$13=$D22,CONCATENATE(KHS!$Q$13,"-"),""),IF(KHS!$R$14=$D22,CONCATENATE(KHS!$Q$14,"-"),""),IF(KHS!$R$15=$D22,CONCATENATE(KHS!$Q$15,"-"),""),IF(KHS!$R$16=$D22,CONCATENATE(KHS!$Q$16,"-"),""),IF(KHS!$R$17=$D22,CONCATENATE(KHS!$Q$17,"-"),""),IF(KHS!$R$18=$D22,CONCATENATE(KHS!$Q$18,"-"),""),IF(KHS!$R$19=$D22,CONCATENATE(KHS!$Q$19,"-"),""),IF(KHS!$R$20=$D22,CONCATENATE(KHS!$Q$20,"-"),""),IF(KHS!$R$21=$D22,CONCATENATE(KHS!$Q$21,"-"),""),IF(KHS!$R$22=$D22,CONCATENATE(KHS!$Q$22,"-"),"")) | I22: =CONCATENATE(,IF(KHS!$R$23=$D22,CONCATENATE(KHS!$Q$23,"-"),""),IF(KHS!$R$24=$D22,CONCATENATE(KHS!$Q$24,"-"),""),IF(KHS!$R$25=$D22,CONCATENATE(KHS!$Q$25,"-"),""),IF(KHS!$R$26=$D22,CONCATENATE(KHS!$Q$26,"-"),""),IF(KHS!$R$27=$D22,CONCATENATE(KHS!$Q$27,"-"),""),IF(KHS!$R$28=$D22,CONCATENATE(KHS!$Q$28,"-"),""),IF(KHS!$R$29=$D22,CONCATENATE(KHS!$Q$29,"-"),""),IF(KHS!$R$30=$D22,CONCATENATE(KHS!$Q$30,"-"),""),IF(KHS!$R$31=$D22,CONCATENATE(KHS!$Q$31,"-"),""),IF(KHS!$R$32=$D22,CONCATENATE(KHS!$Q$32,"-"),"")) | J22: =CONCATENATE(IF(KHS!$Z$13=$D22,CONCATENATE(KHS!$Y$13,"-"),""),IF(KHS!$Z$14=$D22,CONCATENATE(KHS!$Y$14,"-"),""),IF(KHS!$Z$15=$D22,CONCATENATE(KHS!$Y$15,"-"),""),IF(KHS!$Z$16=$D22,CONCATENATE(KHS!$Y$16,"-"),""),IF(KHS!$Z$17=$D22,CONCATENATE(KHS!$Y$17,"-"),""),IF(KHS!$Z$18=$D22,CONCATENATE(KHS!$Y$18,"-"),""),IF(KHS!$Z$19=$D22,CONCATENATE(KHS!$Y$19,"-"),""),IF(KHS!$Z$20=$D22,CONCATENATE(KHS!$Y$20,"-"),""),IF(KHS!$Z$21=$D22,CONCATENATE(KHS!$Y$21,"-"),""),IF(KHS!$Z$22=$D22,CONCATENATE(KHS!$Y$22,"-"),""),"") | K22: =CONCATENATE(IF(KHS!$Z$23=$D22,CONCATENATE(KHS!$Y$23,"-"),""),IF(KHS!$Z$24=$D22,CONCATENATE(KHS!$Y$24,"-"),""),IF(KHS!$Z$25=$D22,CONCATENATE(KHS!$Y$25,"-"),""),IF(KHS!$Z$26=$D22,CONCATENATE(KHS!$Y$26,"-"),""),IF(KHS!$Z$27=$D22,CONCATENATE(KHS!$Y$27,"-"),""),IF(KHS!$Z$28=$D22,CONCATENATE(KHS!$Y$28,"-"),""),IF(KHS!$Z$29=$D22,CONCATENATE(KHS!$Y$29,"-"),""),IF(KHS!$Z$30=$D22,CONCATENATE(KHS!$Y$30,"-"),""),IF(KHS!$Z$31=$D22,CONCATENATE(KHS!$Y$31,"-"),""),IF(KHS!$Z$32=$D22,CONCATENATE(KHS!$Y$32,"-"),"")) | L22: =CONCATENATE(IF(KHS!$AH$13=$D22,CONCATENATE(KHS!$AG$13,"-"),""),IF(KHS!$AH$14=$D22,CONCATENATE(KHS!$AG$14,"-"),""),IF(KHS!$AH$15=$D22,CONCATENATE(KHS!$AG$15,"-"),""),IF(KHS!$AH$16=$D22,CONCATENATE(KHS!$AG$16,"-"),""),IF(KHS!$AH$17=$D22,CONCATENATE(KHS!$AG$17,"-"),""),IF(KHS!$AH$18=$D22,CONCATENATE(KHS!$AG$18,"-"),""),IF(KHS!$AH$19=$D22,CONCATENATE(KHS!$AG$19,"-"),""),IF(KHS!$AH$20=$D22,CONCATENATE(KHS!$AG$20,"-"),""),IF(KHS!$AH$21=$D22,CONCATENATE(KHS!$AG$21,"-"),""),IF(KHS!$AH$22=$D22,CONCATENATE(KHS!$AG$22,"-"),""),"") | M22: =CONCATENATE(IF(KHS!$AH$23=$D22,CONCATENATE(KHS!$AG$23,"-"),""),IF(KHS!$AH$24=$D22,CONCATENATE(KHS!$AG$24,"-"),""),IF(KHS!$AH$25=$D22,CONCATENATE(KHS!$AG$25,"-"),""),IF(KHS!$AH$26=$D22,CONCATENATE(KHS!$AG$26,"-"),""),IF(KHS!$AH$27=$D22,CONCATENATE(KHS!$AG$27,"-"),""),IF(KHS!$AH$28=$D22,CONCATENATE(KHS!$AG$28,"-"),""),IF(KHS!$AH$29=$D22,CONCATENATE(KHS!$AG$29,"-"),""),IF(KHS!$AH$30=$D22,CONCATENATE(KHS!$AG$30,"-"),""),IF(KHS!$AH$31=$D22,CONCATENATE(KHS!$AG$31,"-"),""),IF(KHS!$AH$32=$D22,CONCATENATE(KHS!$AG$32,"-"),"")) | N22: =CONCATENATE(F22,G22,H22,I22,J22,K22,L22,M22) | O22: 20 | P22: =IF(ISERROR(VLOOKUP($O22,$A$1:$B$100,2,FALSE)),"",VLOOKUP($O22,$A$1:$B$100,2,FALSE)) | Q22: =IF(P22="","",VLOOKUP($O22,$A$1:$E$100,5,FALSE)) | R22: =IF(P22="","",CHOOSE(VLOOKUP($O22,$A$1:$C$100,3,FALSE),AHS!$M$1,BHS!$M$1,CHS!$M$1,HMJHS!$M$1,KHS!$M$1,Kings!$M$1,MHS!$M$1,SWHS!$M$1,AMHS!$M$1,'S10'!$M$1,'S11'!$M$1,'S12'!$M$1,'S13'!$M$1,'S14'!$M$1,'S15'!$M$1,'S16'!$M$1,'S17'!$M$1,'S18'!$M$1,'S19'!$M$1,'S20'!$M$1)) | S22: =IF(P22="","",VLOOKUP($O22,$A$1:$E$100,4,FALSE)) | T22: =IF(P22="","",VLOOKUP($O22,$A$1:$N$100,14,FALSE))
A23: =IF(B23="","",COUNTIF($B$1:B22,B23)+B23) | B23: =IF(E23="","",RANK(E23,$E$1:$E$100)) | C23: 5 | D23: 3 | E23: =IF(KHS!$C$6="","",KHS!$C$6) | F23: =CONCATENATE(IF(KHS!$J$13=$D23,CONCATENATE(KHS!$I$13,"-"),""),IF(KHS!$J$14=$D23,CONCATENATE(KHS!$I$14,"-"),""),IF(KHS!$J$15=$D23,CONCATENATE(KHS!$I$15,"-"),""),IF(KHS!$J$16=$D23,CONCATENATE(KHS!$I$16,"-"),""),IF(KHS!$J$17=$D23,CONCATENATE(KHS!$I$17,"-"),""),IF(KHS!$J$18=$D23,CONCATENATE(KHS!$I$18,"-"),""),IF(KHS!$J$19=$D23,CONCATENATE(KHS!$I$19,"-"),""),IF(KHS!$J$20=$D23,CONCATENATE(KHS!$I$20,"-"),""),IF(KHS!$J$21=$D23,CONCATENATE(KHS!$I$21,"-"),""),IF(KHS!$J$22=$D23,CONCATENATE(KHS!$I$22,"-"),""),) | G23: =CONCATENATE(IF(KHS!$J$23=$D23,CONCATENATE(KHS!$I$23,"-"),""),IF(KHS!$J$24=$D23,CONCATENATE(KHS!$I$24,"-"),""),IF(KHS!$J$25=$D23,CONCATENATE(KHS!$I$25,"-"),""),IF(KHS!$J$26=$D23,CONCATENATE(KHS!$I$26,"-"),""),IF(KHS!$J$27=$D23,CONCATENATE(KHS!$I$27,"-"),""),IF(KHS!$J$28=$D23,CONCATENATE(KHS!$I$28,"-"),""),IF(KHS!$J$29=$D23,CONCATENATE(KHS!$I$29,"-"),""),IF(KHS!$J$30=$D23,CONCATENATE(KHS!$I$30,"-"),""),IF(KHS!$J$31=$D23,CONCATENATE(KHS!$I$31,"-"),""),IF(KHS!$J$32=$D23,CONCATENATE(KHS!$I$32,"-"),"")) | H23: =CONCATENATE(IF(KHS!$R$13=$D23,CONCATENATE(KHS!$Q$13,"-"),""),IF(KHS!$R$14=$D23,CONCATENATE(KHS!$Q$14,"-"),""),IF(KHS!$R$15=$D23,CONCATENATE(KHS!$Q$15,"-"),""),IF(KHS!$R$16=$D23,CONCATENATE(KHS!$Q$16,"-"),""),IF(KHS!$R$17=$D23,CONCATENATE(KHS!$Q$17,"-"),""),IF(KHS!$R$18=$D23,CONCATENATE(KHS!$Q$18,"-"),""),IF(KHS!$R$19=$D23,CONCATENATE(KHS!$Q$19,"-"),""),IF(KHS!$R$20=$D23,CONCATENATE(KHS!$Q$20,"-"),""),IF(KHS!$R$21=$D23,CONCATENATE(KHS!$Q$21,"-"),""),IF(KHS!$R$22=$D23,CONCATENATE(KHS!$Q$22,"-"),"")) | I23: =CONCATENATE(,IF(KHS!$R$23=$D23,CONCATENATE(KHS!$Q$23,"-"),""),IF(KHS!$R$24=$D23,CONCATENATE(KHS!$Q$24,"-"),""),IF(KHS!$R$25=$D23,CONCATENATE(KHS!$Q$25,"-"),""),IF(KHS!$R$26=$D23,CONCATENATE(KHS!$Q$26,"-"),""),IF(KHS!$R$27=$D23,CONCATENATE(KHS!$Q$27,"-"),""),IF(KHS!$R$28=$D23,CONCATENATE(KHS!$Q$28,"-"),""),IF(KHS!$R$29=$D23,CONCATENATE(KHS!$Q$29,"-"),""),IF(KHS!$R$30=$D23,CONCATENATE(KHS!$Q$30,"-"),""),IF(KHS!$R$31=$D23,CONCATENATE(KHS!$Q$31,"-"),""),IF(KHS!$R$32=$D23,CONCATENATE(KHS!$Q$32,"-"),"")) | J23: =CONCATENATE(IF(KHS!$Z$13=$D23,CONCATENATE(KHS!$Y$13,"-"),""),IF(KHS!$Z$14=$D23,CONCATENATE(KHS!$Y$14,"-"),""),IF(KHS!$Z$15=$D23,CONCATENATE(KHS!$Y$15,"-"),""),IF(KHS!$Z$16=$D23,CONCATENATE(KHS!$Y$16,"-"),""),IF(KHS!$Z$17=$D23,CONCATENATE(KHS!$Y$17,"-"),""),IF(KHS!$Z$18=$D23,CONCATENATE(KHS!$Y$18,"-"),""),IF(KHS!$Z$19=$D23,CONCATENATE(KHS!$Y$19,"-"),""),IF(KHS!$Z$20=$D23,CONCATENATE(KHS!$Y$20,"-"),""),IF(KHS!$Z$21=$D23,CONCATENATE(KHS!$Y$21,"-"),""),IF(KHS!$Z$22=$D23,CONCATENATE(KHS!$Y$22,"-"),""),"") | K23: =CONCATENATE(IF(KHS!$Z$23=$D23,CONCATENATE(KHS!$Y$23,"-"),""),IF(KHS!$Z$24=$D23,CONCATENATE(KHS!$Y$24,"-"),""),IF(KHS!$Z$25=$D23,CONCATENATE(KHS!$Y$25,"-"),""),IF(KHS!$Z$26=$D23,CONCATENATE(KHS!$Y$26,"-"),""),IF(KHS!$Z$27=$D23,CONCATENATE(KHS!$Y$27,"-"),""),IF(KHS!$Z$28=$D23,CONCATENATE(KHS!$Y$28,"-"),""),IF(KHS!$Z$29=$D23,CONCATENATE(KHS!$Y$29,"-"),""),IF(KHS!$Z$30=$D23,CONCATENATE(KHS!$Y$30,"-"),""),IF(KHS!$Z$31=$D23,CONCATENATE(KHS!$Y$31,"-"),""),IF(KHS!$Z$32=$D23,CONCATENATE(KHS!$Y$32,"-"),"")) | L23: =CONCATENATE(IF(KHS!$AH$13=$D23,CONCATENATE(KHS!$AG$13,"-"),""),IF(KHS!$AH$14=$D23,CONCATENATE(KHS!$AG$14,"-"),""),IF(KHS!$AH$15=$D23,CONCATENATE(KHS!$AG$15,"-"),""),IF(KHS!$AH$16=$D23,CONCATENATE(KHS!$AG$16,"-"),""),IF(KHS!$AH$17=$D23,CONCATENATE(KHS!$AG$17,"-"),""),IF(KHS!$AH$18=$D23,CONCATENATE(KHS!$AG$18,"-"),""),IF(KHS!$AH$19=$D23,CONCATENATE(KHS!$AG$19,"-"),""),IF(KHS!$AH$20=$D23,CONCATENATE(KHS!$AG$20,"-"),""),IF(KHS!$AH$21=$D23,CONCATENATE(KHS!$AG$21,"-"),""),IF(KHS!$AH$22=$D23,CONCATENATE(KHS!$AG$22,"-"),""),"") | M23: =CONCATENATE(IF(KHS!$AH$23=$D23,CONCATENATE(KHS!$AG$23,"-"),""),IF(KHS!$AH$24=$D23,CONCATENATE(KHS!$AG$24,"-"),""),IF(KHS!$AH$25=$D23,CONCATENATE(KHS!$AG$25,"-"),""),IF(KHS!$AH$26=$D23,CONCATENATE(KHS!$AG$26,"-"),""),IF(KHS!$AH$27=$D23,CONCATENATE(KHS!$AG$27,"-"),""),IF(KHS!$AH$28=$D23,CONCATENATE(KHS!$AG$28,"-"),""),IF(KHS!$AH$29=$D23,CONCATENATE(KHS!$AG$29,"-"),""),IF(KHS!$AH$30=$D23,CONCATENATE(KHS!$AG$30,"-"),""),IF(KHS!$AH$31=$D23,CONCATENATE(KHS!$AG$31,"-"),""),IF(KHS!$AH$32=$D23,CONCATENATE(KHS!$AG$32,"-"),"")) | N23: =CONCATENATE(F23,G23,H23,I23,J23,K23,L23,M23) | O23: 21 | P23: =IF(ISERROR(VLOOKUP($O23,$A$1:$B$100,2,FALSE)),"",VLOOKUP($O23,$A$1:$B$100,2,FALSE)) | Q23: =IF(P23="","",VLOOKUP($O23,$A$1:$E$100,5,FALSE)) | R23: =IF(P23="","",CHOOSE(VLOOKUP($O23,$A$1:$C$100,3,FALSE),AHS!$M$1,BHS!$M$1,CHS!$M$1,HMJHS!$M$1,KHS!$M$1,Kings!$M$1,MHS!$M$1,SWHS!$M$1,AMHS!$M$1,'S10'!$M$1,'S11'!$M$1,'S12'!$M$1,'S13'!$M$1,'S14'!$M$1,'S15'!$M$1,'S16'!$M$1,'S17'!$M$1,'S18'!$M$1,'S19'!$M$1,'S20'!$M$1)) | S23: =IF(P23="","",VLOOKUP($O23,$A$1:$E$100,4,FALSE)) | T23: =IF(P23="","",VLOOKUP($O23,$A$1:$N$100,14,FALSE))
A24: =IF(B24="","",COUNTIF($B$1:B23,B24)+B24) | B24: =IF(E24="","",RANK(E24,$E$1:$E$100)) | C24: 5 | D24: 4 | E24: =IF(KHS!$C$7="","",KHS!$C$7) | F24: =CONCATENATE(IF(KHS!$J$13=$D24,CONCATENATE(KHS!$I$13,"-"),""),IF(KHS!$J$14=$D24,CONCATENATE(KHS!$I$14,"-"),""),IF(KHS!$J$15=$D24,CONCATENATE(KHS!$I$15,"-"),""),IF(KHS!$J$16=$D24,CONCATENATE(KHS!$I$16,"-"),""),IF(KHS!$J$17=$D24,CONCATENATE(KHS!$I$17,"-"),""),IF(KHS!$J$18=$D24,CONCATENATE(KHS!$I$18,"-"),""),IF(KHS!$J$19=$D24,CONCATENATE(KHS!$I$19,"-"),""),IF(KHS!$J$20=$D24,CONCATENATE(KHS!$I$20,"-"),""),IF(KHS!$J$21=$D24,CONCATENATE(KHS!$I$21,"-"),""),IF(KHS!$J$22=$D24,CONCATENATE(KHS!$I$22,"-"),""),) | G24: =CONCATENATE(IF(KHS!$J$23=$D24,CONCATENATE(KHS!$I$23,"-"),""),IF(KHS!$J$24=$D24,CONCATENATE(KHS!$I$24,"-"),""),IF(KHS!$J$25=$D24,CONCATENATE(KHS!$I$25,"-"),""),IF(KHS!$J$26=$D24,CONCATENATE(KHS!$I$26,"-"),""),IF(KHS!$J$27=$D24,CONCATENATE(KHS!$I$27,"-"),""),IF(KHS!$J$28=$D24,CONCATENATE(KHS!$I$28,"-"),""),IF(KHS!$J$29=$D24,CONCATENATE(KHS!$I$29,"-"),""),IF(KHS!$J$30=$D24,CONCATENATE(KHS!$I$30,"-"),""),IF(KHS!$J$31=$D24,CONCATENATE(KHS!$I$31,"-"),""),IF(KHS!$J$32=$D24,CONCATENATE(KHS!$I$32,"-"),"")) | H24: =CONCATENATE(IF(KHS!$R$13=$D24,CONCATENATE(KHS!$Q$13,"-"),""),IF(KHS!$R$14=$D24,CONCATENATE(KHS!$Q$14,"-"),""),IF(KHS!$R$15=$D24,CONCATENATE(KHS!$Q$15,"-"),""),IF(KHS!$R$16=$D24,CONCATENATE(KHS!$Q$16,"-"),""),IF(KHS!$R$17=$D24,CONCATENATE(KHS!$Q$17,"-"),""),IF(KHS!$R$18=$D24,CONCATENATE(KHS!$Q$18,"-"),""),IF(KHS!$R$19=$D24,CONCATENATE(KHS!$Q$19,"-"),""),IF(KHS!$R$20=$D24,CONCATENATE(KHS!$Q$20,"-"),""),IF(KHS!$R$21=$D24,CONCATENATE(KHS!$Q$21,"-"),""),IF(KHS!$R$22=$D24,CONCATENATE(KHS!$Q$22,"-"),"")) | I24: =CONCATENATE(,IF(KHS!$R$23=$D24,CONCATENATE(KHS!$Q$23,"-"),""),IF(KHS!$R$24=$D24,CONCATENATE(KHS!$Q$24,"-"),""),IF(KHS!$R$25=$D24,CONCATENATE(KHS!$Q$25,"-"),""),IF(KHS!$R$26=$D24,CONCATENATE(KHS!$Q$26,"-"),""),IF(KHS!$R$27=$D24,CONCATENATE(KHS!$Q$27,"-"),""),IF(KHS!$R$28=$D24,CONCATENATE(KHS!$Q$28,"-"),""),IF(KHS!$R$29=$D24,CONCATENATE(KHS!$Q$29,"-"),""),IF(KHS!$R$30=$D24,CONCATENATE(KHS!$Q$30,"-"),""),IF(KHS!$R$31=$D24,CONCATENATE(KHS!$Q$31,"-"),""),IF(KHS!$R$32=$D24,CONCATENATE(KHS!$Q$32,"-"),"")) | J24: =CONCATENATE(IF(KHS!$Z$13=$D24,CONCATENATE(KHS!$Y$13,"-"),""),IF(KHS!$Z$14=$D24,CONCATENATE(KHS!$Y$14,"-"),""),IF(KHS!$Z$15=$D24,CONCATENATE(KHS!$Y$15,"-"),""),IF(KHS!$Z$16=$D24,CONCATENATE(KHS!$Y$16,"-"),""),IF(KHS!$Z$17=$D24,CONCATENATE(KHS!$Y$17,"-"),""),IF(KHS!$Z$18=$D24,CONCATENATE(KHS!$Y$18,"-"),""),IF(KHS!$Z$19=$D24,CONCATENATE(KHS!$Y$19,"-"),""),IF(KHS!$Z$20=$D24,CONCATENATE(KHS!$Y$20,"-"),""),IF(KHS!$Z$21=$D24,CONCATENATE(KHS!$Y$21,"-"),""),IF(KHS!$Z$22=$D24,CONCATENATE(KHS!$Y$22,"-"),""),"") | K24: =CONCATENATE(IF(KHS!$Z$23=$D24,CONCATENATE(KHS!$Y$23,"-"),""),IF(KHS!$Z$24=$D24,CONCATENATE(KHS!$Y$24,"-"),""),IF(KHS!$Z$25=$D24,CONCATENATE(KHS!$Y$25,"-"),""),IF(KHS!$Z$26=$D24,CONCATENATE(KHS!$Y$26,"-"),""),IF(KHS!$Z$27=$D24,CONCATENATE(KHS!$Y$27,"-"),""),IF(KHS!$Z$28=$D24,CONCATENATE(KHS!$Y$28,"-"),""),IF(KHS!$Z$29=$D24,CONCATENATE(KHS!$Y$29,"-"),""),IF(KHS!$Z$30=$D24,CONCATENATE(KHS!$Y$30,"-"),""),IF(KHS!$Z$31=$D24,CONCATENATE(KHS!$Y$31,"-"),""),IF(KHS!$Z$32=$D24,CONCATENATE(KHS!$Y$32,"-"),"")) | L24: =CONCATENATE(IF(KHS!$AH$13=$D24,CONCATENATE(KHS!$AG$13,"-"),""),IF(KHS!$AH$14=$D24,CONCATENATE(KHS!$AG$14,"-"),""),IF(KHS!$AH$15=$D24,CONCATENATE(KHS!$AG$15,"-"),""),IF(KHS!$AH$16=$D24,CONCATENATE(KHS!$AG$16,"-"),""),IF(KHS!$AH$17=$D24,CONCATENATE(KHS!$AG$17,"-"),""),IF(KHS!$AH$18=$D24,CONCATENATE(KHS!$AG$18,"-"),""),IF(KHS!$AH$19=$D24,CONCATENATE(KHS!$AG$19,"-"),""),IF(KHS!$AH$20=$D24,CONCATENATE(KHS!$AG$20,"-"),""),IF(KHS!$AH$21=$D24,CONCATENATE(KHS!$AG$21,"-"),""),IF(KHS!$AH$22=$D24,CONCATENATE(KHS!$AG$22,"-"),""),"") | M24: =CONCATENATE(IF(KHS!$AH$23=$D24,CONCATENATE(KHS!$AG$23,"-"),""),IF(KHS!$AH$24=$D24,CONCATENATE(KHS!$AG$24,"-"),""),IF(KHS!$AH$25=$D24,CONCATENATE(KHS!$AG$25,"-"),""),IF(KHS!$AH$26=$D24,CONCATENATE(KHS!$AG$26,"-"),""),IF(KHS!$AH$27=$D24,CONCATENATE(KHS!$AG$27,"-"),""),IF(KHS!$AH$28=$D24,CONCATENATE(KHS!$AG$28,"-"),""),IF(KHS!$AH$29=$D24,CONCATENATE(KHS!$AG$29,"-"),""),IF(KHS!$AH$30=$D24,CONCATENATE(KHS!$AG$30,"-"),""),IF(KHS!$AH$31=$D24,CONCATENATE(KHS!$AG$31,"-"),""),IF(KHS!$AH$32=$D24,CONCATENATE(KHS!$AG$32,"-"),"")) | N24: =CONCATENATE(F24,G24,H24,I24,J24,K24,L24,M24) | O24: 22 | P24: =IF(ISERROR(VLOOKUP($O24,$A$1:$B$100,2,FALSE)),"",VLOOKUP($O24,$A$1:$B$100,2,FALSE)) | Q24: =IF(P24="","",VLOOKUP($O24,$A$1:$E$100,5,FALSE)) | R24: =IF(P24="","",CHOOSE(VLOOKUP($O24,$A$1:$C$100,3,FALSE),AHS!$M$1,BHS!$M$1,CHS!$M$1,HMJHS!$M$1,KHS!$M$1,Kings!$M$1,MHS!$M$1,SWHS!$M$1,AMHS!$M$1,'S10'!$M$1,'S11'!$M$1,'S12'!$M$1,'S13'!$M$1,'S14'!$M$1,'S15'!$M$1,'S16'!$M$1,'S17'!$M$1,'S18'!$M$1,'S19'!$M$1,'S20'!$M$1)) | S24: =IF(P24="","",VLOOKUP($O24,$A$1:$E$100,4,FALSE)) | T24: =IF(P24="","",VLOOKUP($O24,$A$1:$N$100,14,FALSE))
A25: =IF(B25="","",COUNTIF($B$1:B24,B25)+B25) | B25: =IF(E25="","",RANK(E25,$E$1:$E$100)) | C25: 5 | D25: 5 | E25: =IF(KHS!$C$8="","",KHS!$C$8) | F25: =CONCATENATE(IF(KHS!$J$13=$D25,CONCATENATE(KHS!$I$13,"-"),""),IF(KHS!$J$14=$D25,CONCATENATE(KHS!$I$14,"-"),""),IF(KHS!$J$15=$D25,CONCATENATE(KHS!$I$15,"-"),""),IF(KHS!$J$16=$D25,CONCATENATE(KHS!$I$16,"-"),""),IF(KHS!$J$17=$D25,CONCATENATE(KHS!$I$17,"-"),""),IF(KHS!$J$18=$D25,CONCATENATE(KHS!$I$18,"-"),""),IF(KHS!$J$19=$D25,CONCATENATE(KHS!$I$19,"-"),""),IF(KHS!$J$20=$D25,CONCATENATE(KHS!$I$20,"-"),""),IF(KHS!$J$21=$D25,CONCATENATE(KHS!$I$21,"-"),""),IF(KHS!$J$22=$D25,CONCATENATE(KHS!$I$22,"-"),""),) | G25: =CONCATENATE(IF(KHS!$J$23=$D25,CONCATENATE(KHS!$I$23,"-"),""),IF(KHS!$J$24=$D25,CONCATENATE(KHS!$I$24,"-"),""),IF(KHS!$J$25=$D25,CONCATENATE(KHS!$I$25,"-"),""),IF(KHS!$J$26=$D25,CONCATENATE(KHS!$I$26,"-"),""),IF(KHS!$J$27=$D25,CONCATENATE(KHS!$I$27,"-"),""),IF(KHS!$J$28=$D25,CONCATENATE(KHS!$I$28,"-"),""),IF(KHS!$J$29=$D25,CONCATENATE(KHS!$I$29,"-"),""),IF(KHS!$J$30=$D25,CONCATENATE(KHS!$I$30,"-"),""),IF(KHS!$J$31=$D25,CONCATENATE(KHS!$I$31,"-"),""),IF(KHS!$J$32=$D25,CONCATENATE(KHS!$I$32,"-"),"")) | H25: =CONCATENATE(IF(KHS!$R$13=$D25,CONCATENATE(KHS!$Q$13,"-"),""),IF(KHS!$R$14=$D25,CONCATENATE(KHS!$Q$14,"-"),""),IF(KHS!$R$15=$D25,CONCATENATE(KHS!$Q$15,"-"),""),IF(KHS!$R$16=$D25,CONCATENATE(KHS!$Q$16,"-"),""),IF(KHS!$R$17=$D25,CONCATENATE(KHS!$Q$17,"-"),""),IF(KHS!$R$18=$D25,CONCATENATE(KHS!$Q$18,"-"),""),IF(KHS!$R$19=$D25,CONCATENATE(KHS!$Q$19,"-"),""),IF(KHS!$R$20=$D25,CONCATENATE(KHS!$Q$20,"-"),""),IF(KHS!$R$21=$D25,CONCATENATE(KHS!$Q$21,"-"),""),IF(KHS!$R$22=$D25,CONCATENATE(KHS!$Q$22,"-"),"")) | I25: =CONCATENATE(,IF(KHS!$R$23=$D25,CONCATENATE(KHS!$Q$23,"-"),""),IF(KHS!$R$24=$D25,CONCATENATE(KHS!$Q$24,"-"),""),IF(KHS!$R$25=$D25,CONCATENATE(KHS!$Q$25,"-"),""),IF(KHS!$R$26=$D25,CONCATENATE(KHS!$Q$26,"-"),""),IF(KHS!$R$27=$D25,CONCATENATE(KHS!$Q$27,"-"),""),IF(KHS!$R$28=$D25,CONCATENATE(KHS!$Q$28,"-"),""),IF(KHS!$R$29=$D25,CONCATENATE(KHS!$Q$29,"-"),""),IF(KHS!$R$30=$D25,CONCATENATE(KHS!$Q$30,"-"),""),IF(KHS!$R$31=$D25,CONCATENATE(KHS!$Q$31,"-"),""),IF(KHS!$R$32=$D25,CONCATENATE(KHS!$Q$32,"-"),"")) | J25: =CONCATENATE(IF(KHS!$Z$13=$D25,CONCATENATE(KHS!$Y$13,"-"),""),IF(KHS!$Z$14=$D25,CONCATENATE(KHS!$Y$14,"-"),""),IF(KHS!$Z$15=$D25,CONCATENATE(KHS!$Y$15,"-"),""),IF(KHS!$Z$16=$D25,CONCATENATE(KHS!$Y$16,"-"),""),IF(KHS!$Z$17=$D25,CONCATENATE(KHS!$Y$17,"-"),""),IF(KHS!$Z$18=$D25,CONCATENATE(KHS!$Y$18,"-"),""),IF(KHS!$Z$19=$D25,CONCATENATE(KHS!$Y$19,"-"),""),IF(KHS!$Z$20=$D25,CONCATENATE(KHS!$Y$20,"-"),""),IF(KHS!$Z$21=$D25,CONCATENATE(KHS!$Y$21,"-"),""),IF(KHS!$Z$22=$D25,CONCATENATE(KHS!$Y$22,"-"),""),"") | K25: =CONCATENATE(IF(KHS!$Z$23=$D25,CONCATENATE(KHS!$Y$23,"-"),""),IF(KHS!$Z$24=$D25,CONCATENATE(KHS!$Y$24,"-"),""),IF(KHS!$Z$25=$D25,CONCATENATE(KHS!$Y$25,"-"),""),IF(KHS!$Z$26=$D25,CONCATENATE(KHS!$Y$26,"-"),""),IF(KHS!$Z$27=$D25,CONCATENATE(KHS!$Y$27,"-"),""),IF(KHS!$Z$28=$D25,CONCATENATE(KHS!$Y$28,"-"),""),IF(KHS!$Z$29=$D25,CONCATENATE(KHS!$Y$29,"-"),""),IF(KHS!$Z$30=$D25,CONCATENATE(KHS!$Y$30,"-"),""),IF(KHS!$Z$31=$D25,CONCATENATE(KHS!$Y$31,"-"),""),IF(KHS!$Z$32=$D25,CONCATENATE(KHS!$Y$32,"-"),"")) | L25: =CONCATENATE(IF(KHS!$AH$13=$D25,CONCATENATE(KHS!$AG$13,"-"),""),IF(KHS!$AH$14=$D25,CONCATENATE(KHS!$AG$14,"-"),""),IF(KHS!$AH$15=$D25,CONCATENATE(KHS!$AG$15,"-"),""),IF(KHS!$AH$16=$D25,CONCATENATE(KHS!$AG$16,"-"),""),IF(KHS!$AH$17=$D25,CONCATENATE(KHS!$AG$17,"-"),""),IF(KHS!$AH$18=$D25,CONCATENATE(KHS!$AG$18,"-"),""),IF(KHS!$AH$19=$D25,CONCATENATE(KHS!$AG$19,"-"),""),IF(KHS!$AH$20=$D25,CONCATENATE(KHS!$AG$20,"-"),""),IF(KHS!$AH$21=$D25,CONCATENATE(KHS!$AG$21,"-"),""),IF(KHS!$AH$22=$D25,CONCATENATE(KHS!$AG$22,"-"),""),"") | M25: =CONCATENATE(IF(KHS!$AH$23=$D25,CONCATENATE(KHS!$AG$23,"-"),""),IF(KHS!$AH$24=$D25,CONCATENATE(KHS!$AG$24,"-"),""),IF(KHS!$AH$25=$D25,CONCATENATE(KHS!$AG$25,"-"),""),IF(KHS!$AH$26=$D25,CONCATENATE(KHS!$AG$26,"-"),""),IF(KHS!$AH$27=$D25,CONCATENATE(KHS!$AG$27,"-"),""),IF(KHS!$AH$28=$D25,CONCATENATE(KHS!$AG$28,"-"),""),IF(KHS!$AH$29=$D25,CONCATENATE(KHS!$AG$29,"-"),""),IF(KHS!$AH$30=$D25,CONCATENATE(KHS!$AG$30,"-"),""),IF(KHS!$AH$31=$D25,CONCATENATE(KHS!$AG$31,"-"),""),IF(KHS!$AH$32=$D25,CONCATENATE(KHS!$AG$32,"-"),"")) | N25: =CONCATENATE(F25,G25,H25,I25,J25,K25,L25,M25) | O25: 23 | P25: =IF(ISERROR(VLOOKUP($O25,$A$1:$B$100,2,FALSE)),"",VLOOKUP($O25,$A$1:$B$100,2,FALSE)) | Q25: =IF(P25="","",VLOOKUP($O25,$A$1:$E$100,5,FALSE)) | R25: =IF(P25="","",CHOOSE(VLOOKUP($O25,$A$1:$C$100,3,FALSE),AHS!$M$1,BHS!$M$1,CHS!$M$1,HMJHS!$M$1,KHS!$M$1,Kings!$M$1,MHS!$M$1,SWHS!$M$1,AMHS!$M$1,'S10'!$M$1,'S11'!$M$1,'S12'!$M$1,'S13'!$M$1,'S14'!$M$1,'S15'!$M$1,'S16'!$M$1,'S17'!$M$1,'S18'!$M$1,'S19'!$M$1,'S20'!$M$1)) | S25: =IF(P25="","",VLOOKUP($O25,$A$1:$E$100,4,FALSE)) | T25: =IF(P25="","",VLOOKUP($O25,$A$1:$N$100,14,FALSE))
A26: =IF(B26="","",COUNTIF($B$1:B25,B26)+B26) -> 2 | B26: =IF(E26="","",RANK(E26,$E$1:$E$100)) -> 2 | C26: 6 | D26: 1 | E26: =IF(Kings!$C$4="","",Kings!$C$4) -> 50.5 | F26: =CONCATENATE(IF(Kings!$J$13=$D26,CONCATENATE(Kings!$I$13,"-"),""),IF(Kings!$J$14=$D26,CONCATENATE(Kings!$I$14,"-"),""),IF(Kings!$J$15=$D26,CONCATENATE(Kings!$I$15,"-"),""),IF(Kings!$J$16=$D26,CONCATENATE(Kings!$I$16,"-"),""),IF(Kings!$J$17=$D26,CONCATENATE(Kings!$I$17,"-"),""),IF(Kings!$J$18=$D26,CONCATENATE(Kings!$I$18,"-"),""),IF(Kings!$J$19=$D26,CONCATENATE(Kings!$I$19,"-"),""),IF(Kings!$J$20=$D26,CONCATENATE(Kings!$I$20,"-"),""),IF(Kings!$J$21=$D26,CONCATENATE(Kings!$I$21,"-"),""),IF(Kings!$J$22=$D26,CONCATENATE(Kings!$I$22,"-"),""),) | G26: =CONCATENATE(IF(Kings!$J$23=$D26,CONCATENATE(Kings!$I$23,"-"),""),IF(Kings!$J$24=$D26,CONCATENATE(Kings!$I$24,"-"),""),IF(Kings!$J$25=$D26,CONCATENATE(Kings!$I$25,"-"),""),IF(Kings!$J$26=$D26,CONCATENATE(Kings!$I$26,"-"),""),IF(Kings!$J$27=$D26,CONCATENATE(Kings!$I$27,"-"),""),IF(Kings!$J$28=$D26,CONCATENATE(Kings!$I$28,"-"),""),IF(Kings!$J$29=$D26,CONCATENATE(Kings!$I$29,"-"),""),IF(Kings!$J$30=$D26,CONCATENATE(Kings!$I$30,"-"),""),IF(Kings!$J$31=$D26,CONCATENATE(Kings!$I$31,"-"),""),IF(Kings!$J$32=$D26,CONCATENATE(Kings!$I$32,"-"),"")) | H26: =CONCATENATE(IF(Kings!$R$13=$D26,CONCATENATE(Kings!$Q$13,"-"),""),IF(Kings!$R$14=$D26,CONCATENATE(Kings!$Q$14,"-"),""),IF(Kings!$R$15=$D26,CONCATENATE(Kings!$Q$15,"-"),""),IF(Kings!$R$16=$D26,CONCATENATE(Kings!$Q$16,"-"),""),IF(Kings!$R$17=$D26,CONCATENATE(Kings!$Q$17,"-"),""),IF(Kings!$R$18=$D26,CONCATENATE(Kings!$Q$18,"-"),""),IF(Kings!$R$19=$D26,CONCATENATE(Kings!$Q$19,"-"),""),IF(Kings!$R$20=$D26,CONCATENATE(Kings!$Q$20,"-"),""),IF(Kings!$R$21=$D26,CONCATENATE(Kings!$Q$21,"-"),""),IF(Kings!$R$22=$D26,CONCATENATE(Kings!$Q$22,"-"),"")) | I26: =CONCATENATE(,IF(Kings!$R$23=$D26,CONCATENATE(Kings!$Q$23,"-"),""),IF(Kings!$R$24=$D26,CONCATENATE(Kings!$Q$24,"-"),""),IF(Kings!$R$25=$D26,CONCATENATE(Kings!$Q$25,"-"),""),IF(Kings!$R$26=$D26,CONCATENATE(Kings!$Q$26,"-"),""),IF(Kings!$R$27=$D26,CONCATENATE(Kings!$Q$27,"-"),""),IF(Kings!$R$28=$D26,CONCATENATE(Kings!$Q$28,"-"),""),IF(Kings!$R$29=$D26,CONCATENATE(Kings!$Q$29,"-"),""),IF(Kings!$R$30=$D26,CONCATENATE(Kings!$Q$30,"-"),""),IF(Kings!$R$31=$D26,CONCATENATE(Kings!$Q$31,"-"),""),IF(Kings!$R$32=$D26,CONCATENATE(Kings!$Q$32,"-"),"")) | J26: =CONCATENATE(IF(Kings!$Z$13=$D26,CONCATENATE(Kings!$Y$13,"-"),""),IF(Kings!$Z$14=$D26,CONCATENATE(Kings!$Y$14,"-"),""),IF(Kings!$Z$15=$D26,CONCATENATE(Kings!$Y$15,"-"),""),IF(Kings!$Z$16=$D26,CONCATENATE(Kings!$Y$16,"-"),""),IF(Kings!$Z$17=$D26,CONCATENATE(Kings!$Y$17,"-"),""),IF(Kings!$Z$18=$D26,CONCATENATE(Kings!$Y$18,"-"),""),IF(Kings!$Z$19=$D26,CONCATENATE(Kings!$Y$19,"-"),""),IF(Kings!$Z$20=$D26,CONCATENATE(Kings!$Y$20,"-"),""),IF(Kings!$Z$21=$D26,CONCATENATE(Kings!$Y$21,"-"),""),IF(Kings!$Z$22=$D26,CONCATENATE(Kings!$Y$22,"-"),""),"") -> Sophia Liao-Chloe Byun- | K26: =CONCATENATE(IF(Kings!$Z$23=$D26,CONCATENATE(Kings!$Y$23,"-"),""),IF(Kings!$Z$24=$D26,CONCATENATE(Kings!$Y$24,"-"),""),IF(Kings!$Z$25=$D26,CONCATENATE(Kings!$Y$25,"-"),""),IF(Kings!$Z$26=$D26,CONCATENATE(Kings!$Y$26,"-"),""),IF(Kings!$Z$27=$D26,CONCATENATE(Kings!$Y$27,"-"),""),IF(Kings!$Z$28=$D26,CONCATENATE(Kings!$Y$28,"-"),""),IF(Kings!$Z$29=$D26,CONCATENATE(Kings!$Y$29,"-"),""),IF(Kings!$Z$30=$D26,CONCATENATE(Kings!$Y$30,"-"),""),IF(Kings!$Z$31=$D26,CONCATENATE(Kings!$Y$31,"-"),""),IF(Kings!$Z$32=$D26,CONCATENATE(Kings!$Y$32,"-"),"")) | L26: =CONCATENATE(IF(Kings!$AH$13=$D26,CONCATENATE(Kings!$AG$13,"-"),""),IF(Kings!$AH$14=$D26,CONCATENATE(Kings!$AG$14,"-"),""),IF(Kings!$AH$15=$D26,CONCATENATE(Kings!$AG$15,"-"),""),IF(Kings!$AH$16=$D26,CONCATENATE(Kings!$AG$16,"-"),""),IF(Kings!$AH$17=$D26,CONCATENATE(Kings!$AG$17,"-"),""),IF(Kings!$AH$18=$D26,CONCATENATE(Kings!$AG$18,"-"),""),IF(Kings!$AH$19=$D26,CONCATENATE(Kings!$AG$19,"-"),""),IF(Kings!$AH$20=$D26,CONCATENATE(Kings!$AG$20,"-"),""),IF(Kings!$AH$21=$D26,CONCATENATE(Kings!$AG$21,"-"),""),IF(Kings!$AH$22=$D26,CONCATENATE(Kings!$AG$22,"-"),""),"") | M26: =CONCATENATE(IF(Kings!$AH$23=$D26,CONCATENATE(Kings!$AG$23,"-"),""),IF(Kings!$AH$24=$D26,CONCATENATE(Kings!$AG$24,"-"),""),IF(Kings!$AH$25=$D26,CONCATENATE(Kings!$AG$25,"-"),""),IF(Kings!$AH$26=$D26,CONCATENATE(Kings!$AG$26,"-"),""),IF(Kings!$AH$27=$D26,CONCATENATE(Kings!$AG$27,"-"),""),IF(Kings!$AH$28=$D26,CONCATENATE(Kings!$AG$28,"-"),""),IF(Kings!$AH$29=$D26,CONCATENATE(Kings!$AG$29,"-"),""),IF(Kings!$AH$30=$D26,CONCATENATE(Kings!$AG$30,"-"),""),IF(Kings!$AH$31=$D26,CONCATENATE(Kings!$AG$31,"-"),""),IF(Kings!$AH$32=$D26,CONCATENATE(Kings!$AG$32,"-"),"")) | N26: =CONCATENATE(F26,G26,H26,I26,J26,K26,L26,M26) -> Sophia Liao-Chloe Byun- | O26: 24 | P26: =IF(ISERROR(VLOOKUP($O26,$A$1:$B$100,2,FALSE)),"",VLOOKUP($O26,$A$1:$B$100,2,FALSE)) | Q26: =IF(P26="","",VLOOKUP($O26,$A$1:$E$100,5,FALSE)) | R26: =IF(P26="","",CHOOSE(VLOOKUP($O26,$A$1:$C$100,3,FALSE),AHS!$M$1,BHS!$M$1,CHS!$M$1,HMJHS!$M$1,KHS!$M$1,Kings!$M$1,MHS!$M$1,SWHS!$M$1,AMHS!$M$1,'S10'!$M$1,'S11'!$M$1,'S12'!$M$1,'S13'!$M$1,'S14'!$M$1,'S15'!$M$1,'S16'!$M$1,'S17'!$M$1,'S18'!$M$1,'S19'!$M$1,'S20'!$M$1)) | S26: =IF(P26="","",VLOOKUP($O26,$A$1:$E$100,4,FALSE)) | T26: =IF(P26="","",VLOOKUP($O26,$A$1:$N$100,14,FALSE))
A27: =IF(B27="","",COUNTIF($B$1:B26,B27)+B27) | B27: =IF(E27="","",RANK(E27,$E$1:$E$100)) | C27: 6 | D27: 2 | E27: =IF(Kings!$C$5="","",Kings!$C$5) | F27: =CONCATENATE(IF(Kings!$J$13=$D27,CONCATENATE(Kings!$I$13,"-"),""),IF(Kings!$J$14=$D27,CONCATENATE(Kings!$I$14,"-"),""),IF(Kings!$J$15=$D27,CONCATENATE(Kings!$I$15,"-"),""),IF(Kings!$J$16=$D27,CONCATENATE(Kings!$I$16,"-"),""),IF(Kings!$J$17=$D27,CONCATENATE(Kings!$I$17,"-"),""),IF(Kings!$J$18=$D27,CONCATENATE(Kings!$I$18,"-"),""),IF(Kings!$J$19=$D27,CONCATENATE(Kings!$I$19,"-"),""),IF(Kings!$J$20=$D27,CONCATENATE(Kings!$I$20,"-"),""),IF(Kings!$J$21=$D27,CONCATENATE(Kings!$I$21,"-"),""),IF(Kings!$J$22=$D27,CONCATENATE(Kings!$I$22,"-"),""),) | G27: =CONCATENATE(IF(Kings!$J$23=$D27,CONCATENATE(Kings!$I$23,"-"),""),IF(Kings!$J$24=$D27,CONCATENATE(Kings!$I$24,"-"),""),IF(Kings!$J$25=$D27,CONCATENATE(Kings!$I$25,"-"),""),IF(Kings!$J$26=$D27,CONCATENATE(Kings!$I$26,"-"),""),IF(Kings!$J$27=$D27,CONCATENATE(Kings!$I$27,"-"),""),IF(Kings!$J$28=$D27,CONCATENATE(Kings!$I$28,"-"),""),IF(Kings!$J$29=$D27,CONCATENATE(Kings!$I$29,"-"),""),IF(Kings!$J$30=$D27,CONCATENATE(Kings!$I$30,"-"),""),IF(Kings!$J$31=$D27,CONCATENATE(Kings!$I$31,"-"),""),IF(Kings!$J$32=$D27,CONCATENATE(Kings!$I$32,"-"),"")) | H27: =CONCATENATE(IF(Kings!$R$13=$D27,CONCATENATE(Kings!$Q$13,"-"),""),IF(Kings!$R$14=$D27,CONCATENATE(Kings!$Q$14,"-"),""),IF(Kings!$R$15=$D27,CONCATENATE(Kings!$Q$15,"-"),""),IF(Kings!$R$16=$D27,CONCATENATE(Kings!$Q$16,"-"),""),IF(Kings!$R$17=$D27,CONCATENATE(Kings!$Q$17,"-"),""),IF(Kings!$R$18=$D27,CONCATENATE(Kings!$Q$18,"-"),""),IF(Kings!$R$19=$D27,CONCATENATE(Kings!$Q$19,"-"),""),IF(Kings!$R$20=$D27,CONCATENATE(Kings!$Q$20,"-"),""),IF(Kings!$R$21=$D27,CONCATENATE(Kings!$Q$21,"-"),""),IF(Kings!$R$22=$D27,CONCATENATE(Kings!$Q$22,"-"),"")) | I27: =CONCATENATE(,IF(Kings!$R$23=$D27,CONCATENATE(Kings!$Q$23,"-"),""),IF(Kings!$R$24=$D27,CONCATENATE(Kings!$Q$24,"-"),""),IF(Kings!$R$25=$D27,CONCATENATE(Kings!$Q$25,"-"),""),IF(Kings!$R$26=$D27,CONCATENATE(Kings!$Q$26,"-"),""),IF(Kings!$R$27=$D27,CONCATENATE(Kings!$Q$27,"-"),""),IF(Kings!$R$28=$D27,CONCATENATE(Kings!$Q$28,"-"),""),IF(Kings!$R$29=$D27,CONCATENATE(Kings!$Q$29,"-"),""),IF(Kings!$R$30=$D27,CONCATENATE(Kings!$Q$30,"-"),""),IF(Kings!$R$31=$D27,CONCATENATE(Kings!$Q$31,"-"),""),IF(Kings!$R$32=$D27,CONCATENATE(Kings!$Q$32,"-"),"")) | J27: =CONCATENATE(IF(Kings!$Z$13=$D27,CONCATENATE(Kings!$Y$13,"-"),""),IF(Kings!$Z$14=$D27,CONCATENATE(Kings!$Y$14,"-"),""),IF(Kings!$Z$15=$D27,CONCATENATE(Kings!$Y$15,"-"),""),IF(Kings!$Z$16=$D27,CONCATENATE(Kings!$Y$16,"-"),""),IF(Kings!$Z$17=$D27,CONCATENATE(Kings!$Y$17,"-"),""),IF(Kings!$Z$18=$D27,CONCATENATE(Kings!$Y$18,"-"),""),IF(Kings!$Z$19=$D27,CONCATENATE(Kings!$Y$19,"-"),""),IF(Kings!$Z$20=$D27,CONCATENATE(Kings!$Y$20,"-"),""),IF(Kings!$Z$21=$D27,CONCATENATE(Kings!$Y$21,"-"),""),IF(Kings!$Z$22=$D27,CONCATENATE(Kings!$Y$22,"-"),""),"") | K27: =CONCATENATE(IF(Kings!$Z$23=$D27,CONCATENATE(Kings!$Y$23,"-"),""),IF(Kings!$Z$24=$D27,CONCATENATE(Kings!$Y$24,"-"),""),IF(Kings!$Z$25=$D27,CONCATENATE(Kings!$Y$25,"-"),""),IF(Kings!$Z$26=$D27,CONCATENATE(Kings!$Y$26,"-"),""),IF(Kings!$Z$27=$D27,CONCATENATE(Kings!$Y$27,"-"),""),IF(Kings!$Z$28=$D27,CONCATENATE(Kings!$Y$28,"-"),""),IF(Kings!$Z$29=$D27,CONCATENATE(Kings!$Y$29,"-"),""),IF(Kings!$Z$30=$D27,CONCATENATE(Kings!$Y$30,"-"),""),IF(Kings!$Z$31=$D27,CONCATENATE(Kings!$Y$31,"-"),""),IF(Kings!$Z$32=$D27,CONCATENATE(Kings!$Y$32,"-"),"")) | L27: =CONCATENATE(IF(Kings!$AH$13=$D27,CONCATENATE(Kings!$AG$13,"-"),""),IF(Kings!$AH$14=$D27,CONCATENATE(Kings!$AG$14,"-"),""),IF(Kings!$AH$15=$D27,CONCATENATE(Kings!$AG$15,"-"),""),IF(Kings!$AH$16=$D27,CONCATENATE(Kings!$AG$16,"-"),""),IF(Kings!$AH$17=$D27,CONCATENATE(Kings!$AG$17,"-"),""),IF(Kings!$AH$18=$D27,CONCATENATE(Kings!$AG$18,"-"),""),IF(Kings!$AH$19=$D27,CONCATENATE(Kings!$AG$19,"-"),""),IF(Kings!$AH$20=$D27,CONCATENATE(Kings!$AG$20,"-"),""),IF(Kings!$AH$21=$D27,CONCATENATE(Kings!$AG$21,"-"),""),IF(Kings!$AH$22=$D27,CONCATENATE(Kings!$AG$22,"-"),""),"") | M27: =CONCATENATE(IF(Kings!$AH$23=$D27,CONCATENATE(Kings!$AG$23,"-"),""),IF(Kings!$AH$24=$D27,CONCATENATE(Kings!$AG$24,"-"),""),IF(Kings!$AH$25=$D27,CONCATENATE(Kings!$AG$25,"-"),""),IF(Kings!$AH$26=$D27,CONCATENATE(Kings!$AG$26,"-"),""),IF(Kings!$AH$27=$D27,CONCATENATE(Kings!$AG$27,"-"),""),IF(Kings!$AH$28=$D27,CONCATENATE(Kings!$AG$28,"-"),""),IF(Kings!$AH$29=$D27,CONCATENATE(Kings!$AG$29,"-"),""),IF(Kings!$AH$30=$D27,CONCATENATE(Kings!$AG$30,"-"),""),IF(Kings!$AH$31=$D27,CONCATENATE(Kings!$AG$31,"-"),""),IF(Kings!$AH$32=$D27,CONCATENATE(Kings!$AG$32,"-"),"")) | N27: =CONCATENATE(F27,G27,H27,I27,J27,K27,L27,M27) | O27: 25 | P27: =IF(ISERROR(VLOOKUP($O27,$A$1:$B$100,2,FALSE)),"",VLOOKUP($O27,$A$1:$B$100,2,FALSE)) | Q27: =IF(P27="","",VLOOKUP($O27,$A$1:$E$100,5,FALSE)) | R27: =IF(P27="","",CHOOSE(VLOOKUP($O27,$A$1:$C$100,3,FALSE),AHS!$M$1,BHS!$M$1,CHS!$M$1,HMJHS!$M$1,KHS!$M$1,Kings!$M$1,MHS!$M$1,SWHS!$M$1,AMHS!$M$1,'S10'!$M$1,'S11'!$M$1,'S12'!$M$1,'S13'!$M$1,'S14'!$M$1,'S15'!$M$1,'S16'!$M$1,'S17'!$M$1,'S18'!$M$1,'S19'!$M$1,'S20'!$M$1)) | S27: =IF(P27="","",VLOOKUP($O27,$A$1:$E$100,4,FALSE)) | T27: =IF(P27="","",VLOOKUP($O27,$A$1:$N$100,14,FALSE))
A28: =IF(B28="","",COUNTIF($B$1:B27,B28)+B28) | B28: =IF(E28="","",RANK(E28,$E$1:$E$100)) | C28: 6 | D28: 3 | E28: =IF(Kings!$C$6="","",Kings!$C$6) | F28: =CONCATENATE(IF(Kings!$J$13=$D28,CONCATENATE(Kings!$I$13,"-"),""),IF(Kings!$J$14=$D28,CONCATENATE(Kings!$I$14,"-"),""),IF(Kings!$J$15=$D28,CONCATENATE(Kings!$I$15,"-"),""),IF(Kings!$J$16=$D28,CONCATENATE(Kings!$I$16,"-"),""),IF(Kings!$J$17=$D28,CONCATENATE(Kings!$I$17,"-"),""),IF(Kings!$J$18=$D28,CONCATENATE(Kings!$I$18,"-"),""),IF(Kings!$J$19=$D28,CONCATENATE(Kings!$I$19,"-"),""),IF(Kings!$J$20=$D28,CONCATENATE(Kings!$I$20,"-"),""),IF(Kings!$J$21=$D28,CONCATENATE(Kings!$I$21,"-"),""),IF(Kings!$J$22=$D28,CONCATENATE(Kings!$I$22,"-"),""),) | G28: =CONCATENATE(IF(Kings!$J$23=$D28,CONCATENATE(Kings!$I$23,"-"),""),IF(Kings!$J$24=$D28,CONCATENATE(Kings!$I$24,"-"),""),IF(Kings!$J$25=$D28,CONCATENATE(Kings!$I$25,"-"),""),IF(Kings!$J$26=$D28,CONCATENATE(Kings!$I$26,"-"),""),IF(Kings!$J$27=$D28,CONCATENATE(Kings!$I$27,"-"),""),IF(Kings!$J$28=$D28,CONCATENATE(Kings!$I$28,"-"),""),IF(Kings!$J$29=$D28,CONCATENATE(Kings!$I$29,"-"),""),IF(Kings!$J$30=$D28,CONCATENATE(Kings!$I$30,"-"),""),IF(Kings!$J$31=$D28,CONCATENATE(Kings!$I$31,"-"),""),IF(Kings!$J$32=$D28,CONCATENATE(Kings!$I$32,"-"),"")) | H28: =CONCATENATE(IF(Kings!$R$13=$D28,CONCATENATE(Kings!$Q$13,"-"),""),IF(Kings!$R$14=$D28,CONCATENATE(Kings!$Q$14,"-"),""),IF(Kings!$R$15=$D28,CONCATENATE(Kings!$Q$15,"-"),""),IF(Kings!$R$16=$D28,CONCATENATE(Kings!$Q$16,"-"),""),IF(Kings!$R$17=$D28,CONCATENATE(Kings!$Q$17,"-"),""),IF(Kings!$R$18=$D28,CONCATENATE(Kings!$Q$18,"-"),""),IF(Kings!$R$19=$D28,CONCATENATE(Kings!$Q$19,"-"),""),IF(Kings!$R$20=$D28,CONCATENATE(Kings!$Q$20,"-"),""),IF(Kings!$R$21=$D28,CONCATENATE(Kings!$Q$21,"-"),""),IF(Kings!$R$22=$D28,CONCATENATE(Kings!$Q$22,"-"),"")) | I28: =CONCATENATE(,IF(Kings!$R$23=$D28,CONCATENATE(Kings!$Q$23,"-"),""),IF(Kings!$R$24=$D28,CONCATENATE(Kings!$Q$24,"-"),""),IF(Kings!$R$25=$D28,CONCATENATE(Kings!$Q$25,"-"),""),IF(Kings!$R$26=$D28,CONCATENATE(Kings!$Q$26,"-"),""),IF(Kings!$R$27=$D28,CONCATENATE(Kings!$Q$27,"-"),""),IF(Kings!$R$28=$D28,CONCATENATE(Kings!$Q$28,"-"),""),IF(Kings!$R$29=$D28,CONCATENATE(Kings!$Q$29,"-"),""),IF(Kings!$R$30=$D28,CONCATENATE(Kings!$Q$30,"-"),""),IF(Kings!$R$31=$D28,CONCATENATE(Kings!$Q$31,"-"),""),IF(Kings!$R$32=$D28,CONCATENATE(Kings!$Q$32,"-"),"")) | J28: =CONCATENATE(IF(Kings!$Z$13=$D28,CONCATENATE(Kings!$Y$13,"-"),""),IF(Kings!$Z$14=$D28,CONCATENATE(Kings!$Y$14,"-"),""),IF(Kings!$Z$15=$D28,CONCATENATE(Kings!$Y$15,"-"),""),IF(Kings!$Z$16=$D28,CONCATENATE(Kings!$Y$16,"-"),""),IF(Kings!$Z$17=$D28,CONCATENATE(Kings!$Y$17,"-"),""),IF(Kings!$Z$18=$D28,CONCATENATE(Kings!$Y$18,"-"),""),IF(Kings!$Z$19=$D28,CONCATENATE(Kings!$Y$19,"-"),""),IF(Kings!$Z$20=$D28,CONCATENATE(Kings!$Y$20,"-"),""),IF(Kings!$Z$21=$D28,CONCATENATE(Kings!$Y$21,"-"),""),IF(Kings!$Z$22=$D28,CONCATENATE(Kings!$Y$22,"-"),""),"") | K28: =CONCATENATE(IF(Kings!$Z$23=$D28,CONCATENATE(Kings!$Y$23,"-"),""),IF(Kings!$Z$24=$D28,CONCATENATE(Kings!$Y$24,"-"),""),IF(Kings!$Z$25=$D28,CONCATENATE(Kings!$Y$25,"-"),""),IF(Kings!$Z$26=$D28,CONCATENATE(Kings!$Y$26,"-"),""),IF(Kings!$Z$27=$D28,CONCATENATE(Kings!$Y$27,"-"),""),IF(Kings!$Z$28=$D28,CONCATENATE(Kings!$Y$28,"-"),""),IF(Kings!$Z$29=$D28,CONCATENATE(Kings!$Y$29,"-"),""),IF(Kings!$Z$30=$D28,CONCATENATE(Kings!$Y$30,"-"),""),IF(Kings!$Z$31=$D28,CONCATENATE(Kings!$Y$31,"-"),""),IF(Kings!$Z$32=$D28,CONCATENATE(Kings!$Y$32,"-"),"")) | L28: =CONCATENATE(IF(Kings!$AH$13=$D28,CONCATENATE(Kings!$AG$13,"-"),""),IF(Kings!$AH$14=$D28,CONCATENATE(Kings!$AG$14,"-"),""),IF(Kings!$AH$15=$D28,CONCATENATE(Kings!$AG$15,"-"),""),IF(Kings!$AH$16=$D28,CONCATENATE(Kings!$AG$16,"-"),""),IF(Kings!$AH$17=$D28,CONCATENATE(Kings!$AG$17,"-"),""),IF(Kings!$AH$18=$D28,CONCATENATE(Kings!$AG$18,"-"),""),IF(Kings!$AH$19=$D28,CONCATENATE(Kings!$AG$19,"-"),""),IF(Kings!$AH$20=$D28,CONCATENATE(Kings!$AG$20,"-"),""),IF(Kings!$AH$21=$D28,CONCATENATE(Kings!$AG$21,"-"),""),IF(Kings!$AH$22=$D28,CONCATENATE(Kings!$AG$22,"-"),""),"") | M28: =CONCATENATE(IF(Kings!$AH$23=$D28,CONCATENATE(Kings!$AG$23,"-"),""),IF(Kings!$AH$24=$D28,CONCATENATE(Kings!$AG$24,"-"),""),IF(Kings!$AH$25=$D28,CONCATENATE(Kings!$AG$25,"-"),""),IF(Kings!$AH$26=$D28,CONCATENATE(Kings!$AG$26,"-"),""),IF(Kings!$AH$27=$D28,CONCATENATE(Kings!$AG$27,"-"),""),IF(Kings!$AH$28=$D28,CONCATENATE(Kings!$AG$28,"-"),""),IF(Kings!$AH$29=$D28,CONCATENATE(Kings!$AG$29,"-"),""),IF(Kings!$AH$30=$D28,CONCATENATE(Kings!$AG$30,"-"),""),IF(Kings!$AH$31=$D28,CONCATENATE(Kings!$AG$31,"-"),""),IF(Kings!$AH$32=$D28,CONCATENATE(Kings!$AG$32,"-"),"")) | N28: =CONCATENATE(F28,G28,H28,I28,J28,K28,L28,M28) | O28: 26 | P28: =IF(ISERROR(VLOOKUP($O28,$A$1:$B$100,2,FALSE)),"",VLOOKUP($O28,$A$1:$B$100,2,FALSE)) | Q28: =IF(P28="","",VLOOKUP($O28,$A$1:$E$100,5,FALSE)) | R28: =IF(P28="","",CHOOSE(VLOOKUP($O28,$A$1:$C$100,3,FALSE),AHS!$M$1,BHS!$M$1,CHS!$M$1,HMJHS!$M$1,KHS!$M$1,Kings!$M$1,MHS!$M$1,SWHS!$M$1,AMHS!$M$1,'S10'!$M$1,'S11'!$M$1,'S12'!$M$1,'S13'!$M$1,'S14'!$M$1,'S15'!$M$1,'S16'!$M$1,'S17'!$M$1,'S18'!$M$1,'S19'!$M$1,'S20'!$M$1)) | S28: =IF(P28="","",VLOOKUP($O28,$A$1:$E$100,4,FALSE)) | T28: =IF(P28="","",VLOOKUP($O28,$A$1:$N$100,14,FALSE))
A29: =IF(B29="","",COUNTIF($B$1:B28,B29)+B29) | B29: =IF(E29="","",RANK(E29,$E$1:$E$100)) | C29: 6 | D29: 4 | E29: =IF(Kings!$C$7="","",Kings!$C$7) | F29: =CONCATENATE(IF(Kings!$J$13=$D29,CONCATENATE(Kings!$I$13,"-"),""),IF(Kings!$J$14=$D29,CONCATENATE(Kings!$I$14,"-"),""),IF(Kings!$J$15=$D29,CONCATENATE(Kings!$I$15,"-"),""),IF(Kings!$J$16=$D29,CONCATENATE(Kings!$I$16,"-"),""),IF(Kings!$J$17=$D29,CONCATENATE(Kings!$I$17,"-"),""),IF(Kings!$J$18=$D29,CONCATENATE(Kings!$I$18,"-"),""),IF(Kings!$J$19=$D29,CONCATENATE(Kings!$I$19,"-"),""),IF(Kings!$J$20=$D29,CONCATENATE(Kings!$I$20,"-"),""),IF(Kings!$J$21=$D29,CONCATENATE(Kings!$I$21,"-"),""),IF(Kings!$J$22=$D29,CONCATENATE(Kings!$I$22,"-"),""),) | G29: =CONCATENATE(IF(Kings!$J$23=$D29,CONCATENATE(Kings!$I$23,"-"),""),IF(Kings!$J$24=$D29,CONCATENATE(Kings!$I$24,"-"),""),IF(Kings!$J$25=$D29,CONCATENATE(Kings!$I$25,"-"),""),IF(Kings!$J$26=$D29,CONCATENATE(Kings!$I$26,"-"),""),IF(Kings!$J$27=$D29,CONCATENATE(Kings!$I$27,"-"),""),IF(Kings!$J$28=$D29,CONCATENATE(Kings!$I$28,"-"),""),IF(Kings!$J$29=$D29,CONCATENATE(Kings!$I$29,"-"),""),IF(Kings!$J$30=$D29,CONCATENATE(Kings!$I$30,"-"),""),IF(Kings!$J$31=$D29,CONCATENATE(Kings!$I$31,"-"),""),IF(Kings!$J$32=$D29,CONCATENATE(Kings!$I$32,"-"),"")) | H29: =CONCATENATE(IF(Kings!$R$13=$D29,CONCATENATE(Kings!$Q$13,"-"),""),IF(Kings!$R$14=$D29,CONCATENATE(Kings!$Q$14,"-"),""),IF(Kings!$R$15=$D29,CONCATENATE(Kings!$Q$15,"-"),""),IF(Kings!$R$16=$D29,CONCATENATE(Kings!$Q$16,"-"),""),IF(Kings!$R$17=$D29,CONCATENATE(Kings!$Q$17,"-"),""),IF(Kings!$R$18=$D29,CONCATENATE(Kings!$Q$18,"-"),""),IF(Kings!$R$19=$D29,CONCATENATE(Kings!$Q$19,"-"),""),IF(Kings!$R$20=$D29,CONCATENATE(Kings!$Q$20,"-"),""),IF(Kings!$R$21=$D29,CONCATENATE(Kings!$Q$21,"-"),""),IF(Kings!$R$22=$D29,CONCATENATE(Kings!$Q$22,"-"),"")) | I29: =CONCATENATE(,IF(Kings!$R$23=$D29,CONCATENATE(Kings!$Q$23,"-"),""),IF(Kings!$R$24=$D29,CONCATENATE(Kings!$Q$24,"-"),""),IF(Kings!$R$25=$D29,CONCATENATE(Kings!$Q$25,"-"),""),IF(Kings!$R$26=$D29,CONCATENATE(Kings!$Q$26,"-"),""),IF(Kings!$R$27=$D29,CONCATENATE(Kings!$Q$27,"-"),""),IF(Kings!$R$28=$D29,CONCATENATE(Kings!$Q$28,"-"),""),IF(Kings!$R$29=$D29,CONCATENATE(Kings!$Q$29,"-"),""),IF(Kings!$R$30=$D29,CONCATENATE(Kings!$Q$30,"-"),""),IF(Kings!$R$31=$D29,CONCATENATE(Kings!$Q$31,"-"),""),IF(Kings!$R$32=$D29,CONCATENATE(Kings!$Q$32,"-"),"")) | J29: =CONCATENATE(IF(Kings!$Z$13=$D29,CONCATENATE(Kings!$Y$13,"-"),""),IF(Kings!$Z$14=$D29,CONCATENATE(Kings!$Y$14,"-"),""),IF(Kings!$Z$15=$D29,CONCATENATE(Kings!$Y$15,"-"),""),IF(Kings!$Z$16=$D29,CONCATENATE(Kings!$Y$16,"-"),""),IF(Kings!$Z$17=$D29,CONCATENATE(Kings!$Y$17,"-"),""),IF(Kings!$Z$18=$D29,CONCATENATE(Kings!$Y$18,"-"),""),IF(Kings!$Z$19=$D29,CONCATENATE(Kings!$Y$19,"-"),""),IF(Kings!$Z$20=$D29,CONCATENATE(Kings!$Y$20,"-"),""),IF(Kings!$Z$21=$D29,CONCATENATE(Kings!$Y$21,"-"),""),IF(Kings!$Z$22=$D29,CONCATENATE(Kings!$Y$22,"-"),""),"") | K29: =CONCATENATE(IF(Kings!$Z$23=$D29,CONCATENATE(Kings!$Y$23,"-"),""),IF(Kings!$Z$24=$D29,CONCATENATE(Kings!$Y$24,"-"),""),IF(Kings!$Z$25=$D29,CONCATENATE(Kings!$Y$25,"-"),""),IF(Kings!$Z$26=$D29,CONCATENATE(Kings!$Y$26,"-"),""),IF(Kings!$Z$27=$D29,CONCATENATE(Kings!$Y$27,"-"),""),IF(Kings!$Z$28=$D29,CONCATENATE(Kings!$Y$28,"-"),""),IF(Kings!$Z$29=$D29,CONCATENATE(Kings!$Y$29,"-"),""),IF(Kings!$Z$30=$D29,CONCATENATE(Kings!$Y$30,"-"),""),IF(Kings!$Z$31=$D29,CONCATENATE(Kings!$Y$31,"-"),""),IF(Kings!$Z$32=$D29,CONCATENATE(Kings!$Y$32,"-"),"")) | L29: =CONCATENATE(IF(Kings!$AH$13=$D29,CONCATENATE(Kings!$AG$13,"-"),""),IF(Kings!$AH$14=$D29,CONCATENATE(Kings!$AG$14,"-"),""),IF(Kings!$AH$15=$D29,CONCATENATE(Kings!$AG$15,"-"),""),IF(Kings!$AH$16=$D29,CONCATENATE(Kings!$AG$16,"-"),""),IF(Kings!$AH$17=$D29,CONCATENATE(Kings!$AG$17,"-"),""),IF(Kings!$AH$18=$D29,CONCATENATE(Kings!$AG$18,"-"),""),IF(Kings!$AH$19=$D29,CONCATENATE(Kings!$AG$19,"-"),""),IF(Kings!$AH$20=$D29,CONCATENATE(Kings!$AG$20,"-"),""),IF(Kings!$AH$21=$D29,CONCATENATE(Kings!$AG$21,"-"),""),IF(Kings!$AH$22=$D29,CONCATENATE(Kings!$AG$22,"-"),""),"") | M29: =CONCATENATE(IF(Kings!$AH$23=$D29,CONCATENATE(Kings!$AG$23,"-"),""),IF(Kings!$AH$24=$D29,CONCATENATE(Kings!$AG$24,"-"),""),IF(Kings!$AH$25=$D29,CONCATENATE(Kings!$AG$25,"-"),""),IF(Kings!$AH$26=$D29,CONCATENATE(Kings!$AG$26,"-"),""),IF(Kings!$AH$27=$D29,CONCATENATE(Kings!$AG$27,"-"),""),IF(Kings!$AH$28=$D29,CONCATENATE(Kings!$AG$28,"-"),""),IF(Kings!$AH$29=$D29,CONCATENATE(Kings!$AG$29,"-"),""),IF(Kings!$AH$30=$D29,CONCATENATE(Kings!$AG$30,"-"),""),IF(Kings!$AH$31=$D29,CONCATENATE(Kings!$AG$31,"-"),""),IF(Kings!$AH$32=$D29,CONCATENATE(Kings!$AG$32,"-"),"")) | N29: =CONCATENATE(F29,G29,H29,I29,J29,K29,L29,M29) | O29: 27 | P29: =IF(ISERROR(VLOOKUP($O29,$A$1:$B$100,2,FALSE)),"",VLOOKUP($O29,$A$1:$B$100,2,FALSE)) | Q29: =IF(P29="","",VLOOKUP($O29,$A$1:$E$100,5,FALSE)) | R29: =IF(P29="","",CHOOSE(VLOOKUP($O29,$A$1:$C$100,3,FALSE),AHS!$M$1,BHS!$M$1,CHS!$M$1,HMJHS!$M$1,KHS!$M$1,Kings!$M$1,MHS!$M$1,SWHS!$M$1,AMHS!$M$1,'S10'!$M$1,'S11'!$M$1,'S12'!$M$1,'S13'!$M$1,'S14'!$M$1,'S15'!$M$1,'S16'!$M$1,'S17'!$M$1,'S18'!$M$1,'S19'!$M$1,'S20'!$M$1)) | S29: =IF(P29="","",VLOOKUP($O29,$A$1:$E$100,4,FALSE)) | T29: =IF(P29="","",VLOOKUP($O29,$A$1:$N$100,14,FALSE))
A30: =IF(B30="","",COUNTIF($B$1:B29,B30)+B30) | B30: =IF(E30="","",RANK(E30,$E$1:$E$100)) | C30: 6 | D30: 5 | E30: =IF(Kings!$C$8="","",Kings!$C$8) | F30: =CONCATENATE(IF(Kings!$J$13=$D30,CONCATENATE(Kings!$I$13,"-"),""),IF(Kings!$J$14=$D30,CONCATENATE(Kings!$I$14,"-"),""),IF(Kings!$J$15=$D30,CONCATENATE(Kings!$I$15,"-"),""),IF(Kings!$J$16=$D30,CONCATENATE(Kings!$I$16,"-"),""),IF(Kings!$J$17=$D30,CONCATENATE(Kings!$I$17,"-"),""),IF(Kings!$J$18=$D30,CONCATENATE(Kings!$I$18,"-"),""),IF(Kings!$J$19=$D30,CONCATENATE(Kings!$I$19,"-"),""),IF(Kings!$J$20=$D30,CONCATENATE(Kings!$I$20,"-"),""),IF(Kings!$J$21=$D30,CONCATENATE(Kings!$I$21,"-"),""),IF(Kings!$J$22=$D30,CONCATENATE(Kings!$I$22,"-"),""),) | G30: =CONCATENATE(IF(Kings!$J$23=$D30,CONCATENATE(Kings!$I$23,"-"),""),IF(Kings!$J$24=$D30,CONCATENATE(Kings!$I$24,"-"),""),IF(Kings!$J$25=$D30,CONCATENATE(Kings!$I$25,"-"),""),IF(Kings!$J$26=$D30,CONCATENATE(Kings!$I$26,"-"),""),IF(Kings!$J$27=$D30,CONCATENATE(Kings!$I$27,"-"),""),IF(Kings!$J$28=$D30,CONCATENATE(Kings!$I$28,"-"),""),IF(Kings!$J$29=$D30,CONCATENATE(Kings!$I$29,"-"),""),IF(Kings!$J$30=$D30,CONCATENATE(Kings!$I$30,"-"),""),IF(Kings!$J$31=$D30,CONCATENATE(Kings!$I$31,"-"),""),IF(Kings!$J$32=$D30,CONCATENATE(Kings!$I$32,"-"),"")) | H30: =CONCATENATE(IF(Kings!$R$13=$D30,CONCATENATE(Kings!$Q$13,"-"),""),IF(Kings!$R$14=$D30,CONCATENATE(Kings!$Q$14,"-"),""),IF(Kings!$R$15=$D30,CONCATENATE(Kings!$Q$15,"-"),""),IF(Kings!$R$16=$D30,CONCATENATE(Kings!$Q$16,"-"),""),IF(Kings!$R$17=$D30,CONCATENATE(Kings!$Q$17,"-"),""),IF(Kings!$R$18=$D30,CONCATENATE(Kings!$Q$18,"-"),""),IF(Kings!$R$19=$D30,CONCATENATE(Kings!$Q$19,"-"),""),IF(Kings!$R$20=$D30,CONCATENATE(Kings!$Q$20,"-"),""),IF(Kings!$R$21=$D30,CONCATENATE(Kings!$Q$21,"-"),""),IF(Kings!$R$22=$D30,CONCATENATE(Kings!$Q$22,"-"),"")) | I30: =CONCATENATE(,IF(Kings!$R$23=$D30,CONCATENATE(Kings!$Q$23,"-"),""),IF(Kings!$R$24=$D30,CONCATENATE(Kings!$Q$24,"-"),""),IF(Kings!$R$25=$D30,CONCATENATE(Kings!$Q$25,"-"),""),IF(Kings!$R$26=$D30,CONCATENATE(Kings!$Q$26,"-"),""),IF(Kings!$R$27=$D30,CONCATENATE(Kings!$Q$27,"-"),""),IF(Kings!$R$28=$D30,CONCATENATE(Kings!$Q$28,"-"),""),IF(Kings!$R$29=$D30,CONCATENATE(Kings!$Q$29,"-"),""),IF(Kings!$R$30=$D30,CONCATENATE(Kings!$Q$30,"-"),""),IF(Kings!$R$31=$D30,CONCATENATE(Kings!$Q$31,"-"),""),IF(Kings!$R$32=$D30,CONCATENATE(Kings!$Q$32,"-"),"")) | J30: =CONCATENATE(IF(Kings!$Z$13=$D30,CONCATENATE(Kings!$Y$13,"-"),""),IF(Kings!$Z$14=$D30,CONCATENATE(Kings!$Y$14,"-"),""),IF(Kings!$Z$15=$D30,CONCATENATE(Kings!$Y$15,"-"),""),IF(Kings!$Z$16=$D30,CONCATENATE(Kings!$Y$16,"-"),""),IF(Kings!$Z$17=$D30,CONCATENATE(Kings!$Y$17,"-"),""),IF(Kings!$Z$18=$D30,CONCATENATE(Kings!$Y$18,"-"),""),IF(Kings!$Z$19=$D30,CONCATENATE(Kings!$Y$19,"-"),""),IF(Kings!$Z$20=$D30,CONCATENATE(Kings!$Y$20,"-"),""),IF(Kings!$Z$21=$D30,CONCATENATE(Kings!$Y$21,"-"),""),IF(Kings!$Z$22=$D30,CONCATENATE(Kings!$Y$22,"-"),""),"") | K30: =CONCATENATE(IF(Kings!$Z$23=$D30,CONCATENATE(Kings!$Y$23,"-"),""),IF(Kings!$Z$24=$D30,CONCATENATE(Kings!$Y$24,"-"),""),IF(Kings!$Z$25=$D30,CONCATENATE(Kings!$Y$25,"-"),""),IF(Kings!$Z$26=$D30,CONCATENATE(Kings!$Y$26,"-"),""),IF(Kings!$Z$27=$D30,CONCATENATE(Kings!$Y$27,"-"),""),IF(Kings!$Z$28=$D30,CONCATENATE(Kings!$Y$28,"-"),""),IF(Kings!$Z$29=$D30,CONCATENATE(Kings!$Y$29,"-"),""),IF(Kings!$Z$30=$D30,CONCATENATE(Kings!$Y$30,"-"),""),IF(Kings!$Z$31=$D30,CONCATENATE(Kings!$Y$31,"-"),""),IF(Kings!$Z$32=$D30,CONCATENATE(Kings!$Y$32,"-"),"")) | L30: =CONCATENATE(IF(Kings!$AH$13=$D30,CONCATENATE(Kings!$AG$13,"-"),""),IF(Kings!$AH$14=$D30,CONCATENATE(Kings!$AG$14,"-"),""),IF(Kings!$AH$15=$D30,CONCATENATE(Kings!$AG$15,"-"),""),IF(Kings!$AH$16=$D30,CONCATENATE(Kings!$AG$16,"-"),""),IF(Kings!$AH$17=$D30,CONCATENATE(Kings!$AG$17,"-"),""),IF(Kings!$AH$18=$D30,CONCATENATE(Kings!$AG$18,"-"),""),IF(Kings!$AH$19=$D30,CONCATENATE(Kings!$AG$19,"-"),""),IF(Kings!$AH$20=$D30,CONCATENATE(Kings!$AG$20,"-"),""),IF(Kings!$AH$21=$D30,CONCATENATE(Kings!$AG$21,"-"),""),IF(Kings!$AH$22=$D30,CONCATENATE(Kings!$AG$22,"-"),""),"") | M30: =CONCATENATE(IF(Kings!$AH$23=$D30,CONCATENATE(Kings!$AG$23,"-"),""),IF(Kings!$AH$24=$D30,CONCATENATE(Kings!$AG$24,"-"),""),IF(Kings!$AH$25=$D30,CONCATENATE(Kings!$AG$25,"-"),""),IF(Kings!$AH$26=$D30,CONCATENATE(Kings!$AG$26,"-"),""),IF(Kings!$AH$27=$D30,CONCATENATE(Kings!$AG$27,"-"),""),IF(Kings!$AH$28=$D30,CONCATENATE(Kings!$AG$28,"-"),""),IF(Kings!$AH$29=$D30,CONCATENATE(Kings!$AG$29,"-"),""),IF(Kings!$AH$30=$D30,CONCATENATE(Kings!$AG$30,"-"),""),IF(Kings!$AH$31=$D30,CONCATENATE(Kings!$AG$31,"-"),""),IF(Kings!$AH$32=$D30,CONCATENATE(Kings!$AG$32,"-"),"")) | N30: =CONCATENATE(F30,G30,H30,I30,J30,K30,L30,M30) | O30: 28 | P30: =IF(ISERROR(VLOOKUP($O30,$A$1:$B$100,2,FALSE)),"",VLOOKUP($O30,$A$1:$B$100,2,FALSE)) | Q30: =IF(P30="","",VLOOKUP($O30,$A$1:$E$100,5,FALSE)) | R30: =IF(P30="","",CHOOSE(VLOOKUP($O30,$A$1:$C$100,3,FALSE),AHS!$M$1,BHS!$M$1,CHS!$M$1,HMJHS!$M$1,KHS!$M$1,Kings!$M$1,MHS!$M$1,SWHS!$M$1,AMHS!$M$1,'S10'!$M$1,'S11'!$M$1,'S12'!$M$1,'S13'!$M$1,'S14'!$M$1,'S15'!$M$1,'S16'!$M$1,'S17'!$M$1,'S18'!$M$1,'S19'!$M$1,'S20'!$M$1)) | S30: =IF(P30="","",VLOOKUP($O30,$A$1:$E$100,4,FALSE)) | T30: =IF(P30="","",VLOOKUP($O30,$A$1:$N$100,14,FALSE))
A31: =IF(B31="","",COUNTIF($B$1:B30,B31)+B31) | B31: =IF(E31="","",RANK(E31,$E$1:$E$100)) | C31: 7 | D31: 1 | E31: =IF(MHS!$C$4="","",MHS!$C$4) | F31: =CONCATENATE(IF(MHS!$J$13=$D31,CONCATENATE(MHS!$I$13,"-"),""),IF(MHS!$J$14=$D31,CONCATENATE(MHS!$I$14,"-"),""),IF(MHS!$J$15=$D31,CONCATENATE(MHS!$I$15,"-"),""),IF(MHS!$J$16=$D31,CONCATENATE(MHS!$I$16,"-"),""),IF(MHS!$J$17=$D31,CONCATENATE(MHS!$I$17,"-"),""),IF(MHS!$J$18=$D31,CONCATENATE(MHS!$I$18,"-"),""),IF(MHS!$J$19=$D31,CONCATENATE(MHS!$I$19,"-"),""),IF(MHS!$J$20=$D31,CONCATENATE(MHS!$I$20,"-"),""),IF(MHS!$J$21=$D31,CONCATENATE(MHS!$I$21,"-"),""),IF(MHS!$J$22=$D31,CONCATENATE(MHS!$I$22,"-"),""),) | G31: =CONCATENATE(IF(MHS!$J$23=$D31,CONCATENATE(MHS!$I$23,"-"),""),IF(MHS!$J$24=$D31,CONCATENATE(MHS!$I$24,"-"),""),IF(MHS!$J$25=$D31,CONCATENATE(MHS!$I$25,"-"),""),IF(MHS!$J$26=$D31,CONCATENATE(MHS!$I$26,"-"),""),IF(MHS!$J$27=$D31,CONCATENATE(MHS!$I$27,"-"),""),IF(MHS!$J$28=$D31,CONCATENATE(MHS!$I$28,"-"),""),IF(MHS!$J$29=$D31,CONCATENATE(MHS!$I$29,"-"),""),IF(MHS!$J$30=$D31,CONCATENATE(MHS!$I$30,"-"),""),IF(MHS!$J$31=$D31,CONCATENATE(MHS!$I$31,"-"),""),IF(MHS!$J$32=$D31,CONCATENATE(MHS!$I$32,"-"),"")) | H31: =CONCATENATE(IF(MHS!$R$13=$D31,CONCATENATE(MHS!$Q$13,"-"),""),IF(MHS!$R$14=$D31,CONCATENATE(MHS!$Q$14,"-"),""),IF(MHS!$R$15=$D31,CONCATENATE(MHS!$Q$15,"-"),""),IF(MHS!$R$16=$D31,CONCATENATE(MHS!$Q$16,"-"),""),IF(MHS!$R$17=$D31,CONCATENATE(MHS!$Q$17,"-"),""),IF(MHS!$R$18=$D31,CONCATENATE(MHS!$Q$18,"-"),""),IF(MHS!$R$19=$D31,CONCATENATE(MHS!$Q$19,"-"),""),IF(MHS!$R$20=$D31,CONCATENATE(MHS!$Q$20,"-"),""),IF(MHS!$R$21=$D31,CONCATENATE(MHS!$Q$21,"-"),""),IF(MHS!$R$22=$D31,CONCATENATE(MHS!$Q$22,"-"),"")) | I31: =CONCATENATE(,IF(MHS!$R$23=$D31,CONCATENATE(MHS!$Q$23,"-"),""),IF(MHS!$R$24=$D31,CONCATENATE(MHS!$Q$24,"-"),""),IF(MHS!$R$25=$D31,CONCATENATE(MHS!$Q$25,"-"),""),IF(MHS!$R$26=$D31,CONCATENATE(MHS!$Q$26,"-"),""),IF(MHS!$R$27=$D31,CONCATENATE(MHS!$Q$27,"-"),""),IF(MHS!$R$28=$D31,CONCATENATE(MHS!$Q$28,"-"),""),IF(MHS!$R$29=$D31,CONCATENATE(MHS!$Q$29,"-"),""),IF(MHS!$R$30=$D31,CONCATENATE(MHS!$Q$30,"-"),""),IF(MHS!$R$31=$D31,CONCATENATE(MHS!$Q$31,"-"),""),IF(MHS!$R$32=$D31,CONCATENATE(MHS!$Q$32,"-"),"")) | J31: =CONCATENATE(IF(MHS!$Z$13=$D31,CONCATENATE(MHS!$Y$13,"-"),""),IF(MHS!$Z$14=$D31,CONCATENATE(MHS!$Y$14,"-"),""),IF(MHS!$Z$15=$D31,CONCATENATE(MHS!$Y$15,"-"),""),IF(MHS!$Z$16=$D31,CONCATENATE(MHS!$Y$16,"-"),""),IF(MHS!$Z$17=$D31,CONCATENATE(MHS!$Y$17,"-"),""),IF(MHS!$Z$18=$D31,CONCATENATE(MHS!$Y$18,"-"),""),IF(MHS!$Z$19=$D31,CONCATENATE(MHS!$Y$19,"-"),""),IF(MHS!$Z$20=$D31,CONCATENATE(MHS!$Y$20,"-"),""),IF(MHS!$Z$21=$D31,CONCATENATE(MHS!$Y$21,"-"),""),IF(MHS!$Z$22=$D31,CONCATENATE(MHS!$Y$22,"-"),""),"") | K31: =CONCATENATE(IF(MHS!$Z$23=$D31,CONCATENATE(MHS!$Y$23,"-"),""),IF(MHS!$Z$24=$D31,CONCATENATE(MHS!$Y$24,"-"),""),IF(MHS!$Z$25=$D31,CONCATENATE(MHS!$Y$25,"-"),""),IF(MHS!$Z$26=$D31,CONCATENATE(MHS!$Y$26,"-"),""),IF(MHS!$Z$27=$D31,CONCATENATE(MHS!$Y$27,"-"),""),IF(MHS!$Z$28=$D31,CONCATENATE(MHS!$Y$28,"-"),""),IF(MHS!$Z$29=$D31,CONCATENATE(MHS!$Y$29,"-"),""),IF(MHS!$Z$30=$D31,CONCATENATE(MHS!$Y$30,"-"),""),IF(MHS!$Z$31=$D31,CONCATENATE(MHS!$Y$31,"-"),""),IF(MHS!$Z$32=$D31,CONCATENATE(MHS!$Y$32,"-"),"")) | L31: =CONCATENATE(IF(MHS!$AH$13=$D31,CONCATENATE(MHS!$AG$13,"-"),""),IF(MHS!$AH$14=$D31,CONCATENATE(MHS!$AG$14,"-"),""),IF(MHS!$AH$15=$D31,CONCATENATE(MHS!$AG$15,"-"),""),IF(MHS!$AH$16=$D31,CONCATENATE(MHS!$AG$16,"-"),""),IF(MHS!$AH$17=$D31,CONCATENATE(MHS!$AG$17,"-"),""),IF(MHS!$AH$18=$D31,CONCATENATE(MHS!$AG$18,"-"),""),IF(MHS!$AH$19=$D31,CONCATENATE(MHS!$AG$19,"-"),""),IF(MHS!$AH$20=$D31,CONCATENATE(MHS!$AG$20,"-"),""),IF(MHS!$AH$21=$D31,CONCATENATE(MHS!$AG$21,"-"),""),IF(MHS!$AH$22=$D31,CONCATENATE(MHS!$AG$22,"-"),""),"") | M31: =CONCATENATE(IF(MHS!$AH$23=$D31,CONCATENATE(MHS!$AG$23,"-"),""),IF(MHS!$AH$24=$D31,CONCATENATE(MHS!$AG$24,"-"),""),IF(MHS!$AH$25=$D31,CONCATENATE(MHS!$AG$25,"-"),""),IF(MHS!$AH$26=$D31,CONCATENATE(MHS!$AG$26,"-"),""),IF(MHS!$AH$27=$D31,CONCATENATE(MHS!$AG$27,"-"),""),IF(MHS!$AH$28=$D31,CONCATENATE(MHS!$AG$28,"-"),""),IF(MHS!$AH$29=$D31,CONCATENATE(MHS!$AG$29,"-"),""),IF(MHS!$AH$30=$D31,CONCATENATE(MHS!$AG$30,"-"),""),IF(MHS!$AH$31=$D31,CONCATENATE(MHS!$AG$31,"-"),""),IF(MHS!$AH$32=$D31,CONCATENATE(MHS!$AG$32,"-"),"")) | N31: =CONCATENATE(F31,G31,H31,I31,J31,K31,L31,M31) | O31: 29 | P31: =IF(ISERROR(VLOOKUP($O31,$A$1:$B$100,2,FALSE)),"",VLOOKUP($O31,$A$1:$B$100,2,FALSE)) | Q31: =IF(P31="","",VLOOKUP($O31,$A$1:$E$100,5,FALSE)) | R31: =IF(P31="","",CHOOSE(VLOOKUP($O31,$A$1:$C$100,3,FALSE),AHS!$M$1,BHS!$M$1,CHS!$M$1,HMJHS!$M$1,KHS!$M$1,Kings!$M$1,MHS!$M$1,SWHS!$M$1,AMHS!$M$1,'S10'!$M$1,'S11'!$M$1,'S12'!$M$1,'S13'!$M$1,'S14'!$M$1,'S15'!$M$1,'S16'!$M$1,'S17'!$M$1,'S18'!$M$1,'S19'!$M$1,'S20'!$M$1)) | S31: =IF(P31="","",VLOOKUP($O31,$A$1:$E$100,4,FALSE)) | T31: =IF(P31="","",VLOOKUP($O31,$A$1:$N$100,14,FALSE))
A32: =IF(B32="","",COUNTIF($B$1:B31,B32)+B32) | B32: =IF(E32="","",RANK(E32,$E$1:$E$100)) | C32: 7 | D32: 2 | E32: =IF(MHS!$C$5="","",MHS!$C$5) | F32: =CONCATENATE(IF(MHS!$J$13=$D32,CONCATENATE(MHS!$I$13,"-"),""),IF(MHS!$J$14=$D32,CONCATENATE(MHS!$I$14,"-"),""),IF(MHS!$J$15=$D32,CONCATENATE(MHS!$I$15,"-"),""),IF(MHS!$J$16=$D32,CONCATENATE(MHS!$I$16,"-"),""),IF(MHS!$J$17=$D32,CONCATENATE(MHS!$I$17,"-"),""),IF(MHS!$J$18=$D32,CONCATENATE(MHS!$I$18,"-"),""),IF(MHS!$J$19=$D32,CONCATENATE(MHS!$I$19,"-"),""),IF(MHS!$J$20=$D32,CONCATENATE(MHS!$I$20,"-"),""),IF(MHS!$J$21=$D32,CONCATENATE(MHS!$I$21,"-"),""),IF(MHS!$J$22=$D32,CONCATENATE(MHS!$I$22,"-"),""),) | G32: =CONCATENATE(IF(MHS!$J$23=$D32,CONCATENATE(MHS!$I$23,"-"),""),IF(MHS!$J$24=$D32,CONCATENATE(MHS!$I$24,"-"),""),IF(MHS!$J$25=$D32,CONCATENATE(MHS!$I$25,"-"),""),IF(MHS!$J$26=$D32,CONCATENATE(MHS!$I$26,"-"),""),IF(MHS!$J$27=$D32,CONCATENATE(MHS!$I$27,"-"),""),IF(MHS!$J$28=$D32,CONCATENATE(MHS!$I$28,"-"),""),IF(MHS!$J$29=$D32,CONCATENATE(MHS!$I$29,"-"),""),IF(MHS!$J$30=$D32,CONCATENATE(MHS!$I$30,"-"),""),IF(MHS!$J$31=$D32,CONCATENATE(MHS!$I$31,"-"),""),IF(MHS!$J$32=$D32,CONCATENATE(MHS!$I$32,"-"),"")) | H32: =CONCATENATE(IF(MHS!$R$13=$D32,CONCATENATE(MHS!$Q$13,"-"),""),IF(MHS!$R$14=$D32,CONCATENATE(MHS!$Q$14,"-"),""),IF(MHS!$R$15=$D32,CONCATENATE(MHS!$Q$15,"-"),""),IF(MHS!$R$16=$D32,CONCATENATE(MHS!$Q$16,"-"),""),IF(MHS!$R$17=$D32,CONCATENATE(MHS!$Q$17,"-"),""),IF(MHS!$R$18=$D32,CONCATENATE(MHS!$Q$18,"-"),""),IF(MHS!$R$19=$D32,CONCATENATE(MHS!$Q$19,"-"),""),IF(MHS!$R$20=$D32,CONCATENATE(MHS!$Q$20,"-"),""),IF(MHS!$R$21=$D32,CONCATENATE(MHS!$Q$21,"-"),""),IF(MHS!$R$22=$D32,CONCATENATE(MHS!$Q$22,"-"),"")) | I32: =CONCATENATE(,IF(MHS!$R$23=$D32,CONCATENATE(MHS!$Q$23,"-"),""),IF(MHS!$R$24=$D32,CONCATENATE(MHS!$Q$24,"-"),""),IF(MHS!$R$25=$D32,CONCATENATE(MHS!$Q$25,"-"),""),IF(MHS!$R$26=$D32,CONCATENATE(MHS!$Q$26,"-"),""),IF(MHS!$R$27=$D32,CONCATENATE(MHS!$Q$27,"-"),""),IF(MHS!$R$28=$D32,CONCATENATE(MHS!$Q$28,"-"),""),IF(MHS!$R$29=$D32,CONCATENATE(MHS!$Q$29,"-"),""),IF(MHS!$R$30=$D32,CONCATENATE(MHS!$Q$30,"-"),""),IF(MHS!$R$31=$D32,CONCATENATE(MHS!$Q$31,"-"),""),IF(MHS!$R$32=$D32,CONCATENATE(MHS!$Q$32,"-"),"")) | J32: =CONCATENATE(IF(MHS!$Z$13=$D32,CONCATENATE(MHS!$Y$13,"-"),""),IF(MHS!$Z$14=$D32,CONCATENATE(MHS!$Y$14,"-"),""),IF(MHS!$Z$15=$D32,CONCATENATE(MHS!$Y$15,"-"),""),IF(MHS!$Z$16=$D32,CONCATENATE(MHS!$Y$16,"-"),""),IF(MHS!$Z$17=$D32,CONCATENATE(MHS!$Y$17,"-"),""),IF(MHS!$Z$18=$D32,CONCATENATE(MHS!$Y$18,"-"),""),IF(MHS!$Z$19=$D32,CONCATENATE(MHS!$Y$19,"-"),""),IF(MHS!$Z$20=$D32,CONCATENATE(MHS!$Y$20,"-"),""),IF(MHS!$Z$21=$D32,CONCATENATE(MHS!$Y$21,"-"),""),IF(MHS!$Z$22=$D32,CONCATENATE(MHS!$Y$22,"-"),""),"") | K32: =CONCATENATE(IF(MHS!$Z$23=$D32,CONCATENATE(MHS!$Y$23,"-"),""),IF(MHS!$Z$24=$D32,CONCATENATE(MHS!$Y$24,"-"),""),IF(MHS!$Z$25=$D32,CONCATENATE(MHS!$Y$25,"-"),""),IF(MHS!$Z$26=$D32,CONCATENATE(MHS!$Y$26,"-"),""),IF(MHS!$Z$27=$D32,CONCATENATE(MHS!$Y$27,"-"),""),IF(MHS!$Z$28=$D32,CONCATENATE(MHS!$Y$28,"-"),""),IF(MHS!$Z$29=$D32,CONCATENATE(MHS!$Y$29,"-"),""),IF(MHS!$Z$30=$D32,CONCATENATE(MHS!$Y$30,"-"),""),IF(MHS!$Z$31=$D32,CONCATENATE(MHS!$Y$31,"-"),""),IF(MHS!$Z$32=$D32,CONCATENATE(MHS!$Y$32,"-"),"")) | L32: =CONCATENATE(IF(MHS!$AH$13=$D32,CONCATENATE(MHS!$AG$13,"-"),""),IF(MHS!$AH$14=$D32,CONCATENATE(MHS!$AG$14,"-"),""),IF(MHS!$AH$15=$D32,CONCATENATE(MHS!$AG$15,"-"),""),IF(MHS!$AH$16=$D32,CONCATENATE(MHS!$AG$16,"-"),""),IF(MHS!$AH$17=$D32,CONCATENATE(MHS!$AG$17,"-"),""),IF(MHS!$AH$18=$D32,CONCATENATE(MHS!$AG$18,"-"),""),IF(MHS!$AH$19=$D32,CONCATENATE(MHS!$AG$19,"-"),""),IF(MHS!$AH$20=$D32,CONCATENATE(MHS!$AG$20,"-"),""),IF(MHS!$AH$21=$D32,CONCATENATE(MHS!$AG$21,"-"),""),IF(MHS!$AH$22=$D32,CONCATENATE(MHS!$AG$22,"-"),""),"") | M32: =CONCATENATE(IF(MHS!$AH$23=$D32,CONCATENATE(MHS!$AG$23,"-"),""),IF(MHS!$AH$24=$D32,CONCATENATE(MHS!$AG$24,"-"),""),IF(MHS!$AH$25=$D32,CONCATENATE(MHS!$AG$25,"-"),""),IF(MHS!$AH$26=$D32,CONCATENATE(MHS!$AG$26,"-"),""),IF(MHS!$AH$27=$D32,CONCATENATE(MHS!$AG$27,"-"),""),IF(MHS!$AH$28=$D32,CONCATENATE(MHS!$AG$28,"-"),""),IF(MHS!$AH$29=$D32,CONCATENATE(MHS!$AG$29,"-"),""),IF(MHS!$AH$30=$D32,CONCATENATE(MHS!$AG$30,"-"),""),IF(MHS!$AH$31=$D32,CONCATENATE(MHS!$AG$31,"-"),""),IF(MHS!$AH$32=$D32,CONCATENATE(MHS!$AG$32,"-"),"")) | N32: =CONCATENATE(F32,G32,H32,I32,J32,K32,L32,M32) | O32: 30 | P32: =IF(ISERROR(VLOOKUP($O32,$A$1:$B$100,2,FALSE)),"",VLOOKUP($O32,$A$1:$B$100,2,FALSE)) | Q32: =IF(P32="","",VLOOKUP($O32,$A$1:$E$100,5,FALSE)) | R32: =IF(P32="","",CHOOSE(VLOOKUP($O32,$A$1:$C$100,3,FALSE),AHS!$M$1,BHS!$M$1,CHS!$M$1,HMJHS!$M$1,KHS!$M$1,Kings!$M$1,MHS!$M$1,SWHS!$M$1,AMHS!$M$1,'S10'!$M$1,'S11'!$M$1,'S12'!$M$1,'S13'!$M$1,'S14'!$M$1,'S15'!$M$1,'S16'!$M$1,'S17'!$M$1,'S18'!$M$1,'S19'!$M$1,'S20'!$M$1)) | S32: =IF(P32="","",VLOOKUP($O32,$A$1:$E$100,4,FALSE)) | T32: =IF(P32="","",VLOOKUP($O32,$A$1:$N$100,14,FALSE))
A33: =IF(B33="","",COUNTIF($B$1:B32,B33)+B33) | B33: =IF(E33="","",RANK(E33,$E$1:$E$100)) | C33: 7 | D33: 3 | E33: =IF(MHS!$C$6="","",MHS!$C$6) | F33: =CONCATENATE(IF(MHS!$J$13=$D33,CONCATENATE(MHS!$I$13,"-"),""),IF(MHS!$J$14=$D33,CONCATENATE(MHS!$I$14,"-"),""),IF(MHS!$J$15=$D33,CONCATENATE(MHS!$I$15,"-"),""),IF(MHS!$J$16=$D33,CONCATENATE(MHS!$I$16,"-"),""),IF(MHS!$J$17=$D33,CONCATENATE(MHS!$I$17,"-"),""),IF(MHS!$J$18=$D33,CONCATENATE(MHS!$I$18,"-"),""),IF(MHS!$J$19=$D33,CONCATENATE(MHS!$I$19,"-"),""),IF(MHS!$J$20=$D33,CONCATENATE(MHS!$I$20,"-"),""),IF(MHS!$J$21=$D33,CONCATENATE(MHS!$I$21,"-"),""),IF(MHS!$J$22=$D33,CONCATENATE(MHS!$I$22,"-"),""),) | G33: =CONCATENATE(IF(MHS!$J$23=$D33,CONCATENATE(MHS!$I$23,"-"),""),IF(MHS!$J$24=$D33,CONCATENATE(MHS!$I$24,"-"),""),IF(MHS!$J$25=$D33,CONCATENATE(MHS!$I$25,"-"),""),IF(MHS!$J$26=$D33,CONCATENATE(MHS!$I$26,"-"),""),IF(MHS!$J$27=$D33,CONCATENATE(MHS!$I$27,"-"),""),IF(MHS!$J$28=$D33,CONCATENATE(MHS!$I$28,"-"),""),IF(MHS!$J$29=$D33,CONCATENATE(MHS!$I$29,"-"),""),IF(MHS!$J$30=$D33,CONCATENATE(MHS!$I$30,"-"),""),IF(MHS!$J$31=$D33,CONCATENATE(MHS!$I$31,"-"),""),IF(MHS!$J$32=$D33,CONCATENATE(MHS!$I$32,"-"),"")) | H33: =CONCATENATE(IF(MHS!$R$13=$D33,CONCATENATE(MHS!$Q$13,"-"),""),IF(MHS!$R$14=$D33,CONCATENATE(MHS!$Q$14,"-"),""),IF(MHS!$R$15=$D33,CONCATENATE(MHS!$Q$15,"-"),""),IF(MHS!$R$16=$D33,CONCATENATE(MHS!$Q$16,"-"),""),IF(MHS!$R$17=$D33,CONCATENATE(MHS!$Q$17,"-"),""),IF(MHS!$R$18=$D33,CONCATENATE(MHS!$Q$18,"-"),""),IF(MHS!$R$19=$D33,CONCATENATE(MHS!$Q$19,"-"),""),IF(MHS!$R$20=$D33,CONCATENATE(MHS!$Q$20,"-"),""),IF(MHS!$R$21=$D33,CONCATENATE(MHS!$Q$21,"-"),""),IF(MHS!$R$22=$D33,CONCATENATE(MHS!$Q$22,"-"),"")) | I33: =CONCATENATE(,IF(MHS!$R$23=$D33,CONCATENATE(MHS!$Q$23,"-"),""),IF(MHS!$R$24=$D33,CONCATENATE(MHS!$Q$24,"-"),""),IF(MHS!$R$25=$D33,CONCATENATE(MHS!$Q$25,"-"),""),IF(MHS!$R$26=$D33,CONCATENATE(MHS!$Q$26,"-"),""),IF(MHS!$R$27=$D33,CONCATENATE(MHS!$Q$27,"-"),""),IF(MHS!$R$28=$D33,CONCATENATE(MHS!$Q$28,"-"),""),IF(MHS!$R$29=$D33,CONCATENATE(MHS!$Q$29,"-"),""),IF(MHS!$R$30=$D33,CONCATENATE(MHS!$Q$30,"-"),""),IF(MHS!$R$31=$D33,CONCATENATE(MHS!$Q$31,"-"),""),IF(MHS!$R$32=$D33,CONCATENATE(MHS!$Q$32,"-"),"")) | J33: =CONCATENATE(IF(MHS!$Z$13=$D33,CONCATENATE(MHS!$Y$13,"-"),""),IF(MHS!$Z$14=$D33,CONCATENATE(MHS!$Y$14,"-"),""),IF(MHS!$Z$15=$D33,CONCATENATE(MHS!$Y$15,"-"),""),IF(MHS!$Z$16=$D33,CONCATENATE(MHS!$Y$16,"-"),""),IF(MHS!$Z$17=$D33,CONCATENATE(MHS!$Y$17,"-"),""),IF(MHS!$Z$18=$D33,CONCATENATE(MHS!$Y$18,"-"),""),IF(MHS!$Z$19=$D33,CONCATENATE(MHS!$Y$19,"-"),""),IF(MHS!$Z$20=$D33,CONCATENATE(MHS!$Y$20,"-"),""),IF(MHS!$Z$21=$D33,CONCATENATE(MHS!$Y$21,"-"),""),IF(MHS!$Z$22=$D33,CONCATENATE(MHS!$Y$22,"-"),""),"") | K33: =CONCATENATE(IF(MHS!$Z$23=$D33,CONCATENATE(MHS!$Y$23,"-"),""),IF(MHS!$Z$24=$D33,CONCATENATE(MHS!$Y$24,"-"),""),IF(MHS!$Z$25=$D33,CONCATENATE(MHS!$Y$25,"-"),""),IF(MHS!$Z$26=$D33,CONCATENATE(MHS!$Y$26,"-"),""),IF(MHS!$Z$27=$D33,CONCATENATE(MHS!$Y$27,"-"),""),IF(MHS!$Z$28=$D33,CONCATENATE(MHS!$Y$28,"-"),""),IF(MHS!$Z$29=$D33,CONCATENATE(MHS!$Y$29,"-"),""),IF(MHS!$Z$30=$D33,CONCATENATE(MHS!$Y$30,"-"),""),IF(MHS!$Z$31=$D33,CONCATENATE(MHS!$Y$31,"-"),""),IF(MHS!$Z$32=$D33,CONCATENATE(MHS!$Y$32,"-"),"")) | L33: =CONCATENATE(IF(MHS!$AH$13=$D33,CONCATENATE(MHS!$AG$13,"-"),""),IF(MHS!$AH$14=$D33,CONCATENATE(MHS!$AG$14,"-"),""),IF(MHS!$AH$15=$D33,CONCATENATE(MHS!$AG$15,"-"),""),IF(MHS!$AH$16=$D33,CONCATENATE(MHS!$AG$16,"-"),""),IF(MHS!$AH$17=$D33,CONCATENATE(MHS!$AG$17,"-"),""),IF(MHS!$AH$18=$D33,CONCATENATE(MHS!$AG$18,"-"),""),IF(MHS!$AH$19=$D33,CONCATENATE(MHS!$AG$19,"-"),""),IF(MHS!$AH$20=$D33,CONCATENATE(MHS!$AG$20,"-"),""),IF(MHS!$AH$21=$D33,CONCATENATE(MHS!$AG$21,"-"),""),IF(MHS!$AH$22=$D33,CONCATENATE(MHS!$AG$22,"-"),""),"") | M33: =CONCATENATE(IF(MHS!$AH$23=$D33,CONCATENATE(MHS!$AG$23,"-"),""),IF(MHS!$AH$24=$D33,CONCATENATE(MHS!$AG$24,"-"),""),IF(MHS!$AH$25=$D33,CONCATENATE(MHS!$AG$25,"-"),""),IF(MHS!$AH$26=$D33,CONCATENATE(MHS!$AG$26,"-"),""),IF(MHS!$AH$27=$D33,CONCATENATE(MHS!$AG$27,"-"),""),IF(MHS!$AH$28=$D33,CONCATENATE(MHS!$AG$28,"-"),""),IF(MHS!$AH$29=$D33,CONCATENATE(MHS!$AG$29,"-"),""),IF(MHS!$AH$30=$D33,CONCATENATE(MHS!$AG$30,"-"),""),IF(MHS!$AH$31=$D33,CONCATENATE(MHS!$AG$31,"-"),""),IF(MHS!$AH$32=$D33,CONCATENATE(MHS!$AG$32,"-"),"")) | N33: =CONCATENATE(F33,G33,H33,I33,J33,K33,L33,M33) | O33: 31 | P33: =IF(ISERROR(VLOOKUP($O33,$A$1:$B$100,2,FALSE)),"",VLOOKUP($O33,$A$1:$B$100,2,FALSE)) | Q33: =IF(P33="","",VLOOKUP($O33,$A$1:$E$100,5,FALSE)) | R33: =IF(P33="","",CHOOSE(VLOOKUP($O33,$A$1:$C$100,3,FALSE),AHS!$M$1,BHS!$M$1,CHS!$M$1,HMJHS!$M$1,KHS!$M$1,Kings!$M$1,MHS!$M$1,SWHS!$M$1,AMHS!$M$1,'S10'!$M$1,'S11'!$M$1,'S12'!$M$1,'S13'!$M$1,'S14'!$M$1,'S15'!$M$1,'S16'!$M$1,'S17'!$M$1,'S18'!$M$1,'S19'!$M$1,'S20'!$M$1)) | S33: =IF(P33="","",VLOOKUP($O33,$A$1:$E$100,4,FALSE)) | T33: =IF(P33="","",VLOOKUP($O33,$A$1:$N$100,14,FALSE))
A34: =IF(B34="","",COUNTIF($B$1:B33,B34)+B34) | B34: =IF(E34="","",RANK(E34,$E$1:$E$100)) | C34: 7 | D34: 4 | E34: =IF(MHS!$C$7="","",MHS!$C$7) | F34: =CONCATENATE(IF(MHS!$J$13=$D34,CONCATENATE(MHS!$I$13,"-"),""),IF(MHS!$J$14=$D34,CONCATENATE(MHS!$I$14,"-"),""),IF(MHS!$J$15=$D34,CONCATENATE(MHS!$I$15,"-"),""),IF(MHS!$J$16=$D34,CONCATENATE(MHS!$I$16,"-"),""),IF(MHS!$J$17=$D34,CONCATENATE(MHS!$I$17,"-"),""),IF(MHS!$J$18=$D34,CONCATENATE(MHS!$I$18,"-"),""),IF(MHS!$J$19=$D34,CONCATENATE(MHS!$I$19,"-"),""),IF(MHS!$J$20=$D34,CONCATENATE(MHS!$I$20,"-"),""),IF(MHS!$J$21=$D34,CONCATENATE(MHS!$I$21,"-"),""),IF(MHS!$J$22=$D34,CONCATENATE(MHS!$I$22,"-"),""),) | G34: =CONCATENATE(IF(MHS!$J$23=$D34,CONCATENATE(MHS!$I$23,"-"),""),IF(MHS!$J$24=$D34,CONCATENATE(MHS!$I$24,"-"),""),IF(MHS!$J$25=$D34,CONCATENATE(MHS!$I$25,"-"),""),IF(MHS!$J$26=$D34,CONCATENATE(MHS!$I$26,"-"),""),IF(MHS!$J$27=$D34,CONCATENATE(MHS!$I$27,"-"),""),IF(MHS!$J$28=$D34,CONCATENATE(MHS!$I$28,"-"),""),IF(MHS!$J$29=$D34,CONCATENATE(MHS!$I$29,"-"),""),IF(MHS!$J$30=$D34,CONCATENATE(MHS!$I$30,"-"),""),IF(MHS!$J$31=$D34,CONCATENATE(MHS!$I$31,"-"),""),IF(MHS!$J$32=$D34,CONCATENATE(MHS!$I$32,"-"),"")) | H34: =CONCATENATE(IF(MHS!$R$13=$D34,CONCATENATE(MHS!$Q$13,"-"),""),IF(MHS!$R$14=$D34,CONCATENATE(MHS!$Q$14,"-"),""),IF(MHS!$R$15=$D34,CONCATENATE(MHS!$Q$15,"-"),""),IF(MHS!$R$16=$D34,CONCATENATE(MHS!$Q$16,"-"),""),IF(MHS!$R$17=$D34,CONCATENATE(MHS!$Q$17,"-"),""),IF(MHS!$R$18=$D34,CONCATENATE(MHS!$Q$18,"-"),""),IF(MHS!$R$19=$D34,CONCATENATE(MHS!$Q$19,"-"),""),IF(MHS!$R$20=$D34,CONCATENATE(MHS!$Q$20,"-"),""),IF(MHS!$R$21=$D34,CONCATENATE(MHS!$Q$21,"-"),""),IF(MHS!$R$22=$D34,CONCATENATE(MHS!$Q$22,"-"),"")) | I34: =CONCATENATE(,IF(MHS!$R$23=$D34,CONCATENATE(MHS!$Q$23,"-"),""),IF(MHS!$R$24=$D34,CONCATENATE(MHS!$Q$24,"-"),""),IF(MHS!$R$25=$D34,CONCATENATE(MHS!$Q$25,"-"),""),IF(MHS!$R$26=$D34,CONCATENATE(MHS!$Q$26,"-"),""),IF(MHS!$R$27=$D34,CONCATENATE(MHS!$Q$27,"-"),""),IF(MHS!$R$28=$D34,CONCATENATE(MHS!$Q$28,"-"),""),IF(MHS!$R$29=$D34,CONCATENATE(MHS!$Q$29,"-"),""),IF(MHS!$R$30=$D34,CONCATENATE(MHS!$Q$30,"-"),""),IF(MHS!$R$31=$D34,CONCATENATE(MHS!$Q$31,"-"),""),IF(MHS!$R$32=$D34,CONCATENATE(MHS!$Q$32,"-"),"")) | J34: =CONCATENATE(IF(MHS!$Z$13=$D34,CONCATENATE(MHS!$Y$13,"-"),""),IF(MHS!$Z$14=$D34,CONCATENATE(MHS!$Y$14,"-"),""),IF(MHS!$Z$15=$D34,CONCATENATE(MHS!$Y$15,"-"),""),IF(MHS!$Z$16=$D34,CONCATENATE(MHS!$Y$16,"-"),""),IF(MHS!$Z$17=$D34,CONCATENATE(MHS!$Y$17,"-"),""),IF(MHS!$Z$18=$D34,CONCATENATE(MHS!$Y$18,"-"),""),IF(MHS!$Z$19=$D34,CONCATENATE(MHS!$Y$19,"-"),""),IF(MHS!$Z$20=$D34,CONCATENATE(MHS!$Y$20,"-"),""),IF(MHS!$Z$21=$D34,CONCATENATE(MHS!$Y$21,"-"),""),IF(MHS!$Z$22=$D34,CONCATENATE(MHS!$Y$22,"-"),""),"") | K34: =CONCATENATE(IF(MHS!$Z$23=$D34,CONCATENATE(MHS!$Y$23,"-"),""),IF(MHS!$Z$24=$D34,CONCATENATE(MHS!$Y$24,"-"),""),IF(MHS!$Z$25=$D34,CONCATENATE(MHS!$Y$25,"-"),""),IF(MHS!$Z$26=$D34,CONCATENATE(MHS!$Y$26,"-"),""),IF(MHS!$Z$27=$D34,CONCATENATE(MHS!$Y$27,"-"),""),IF(MHS!$Z$28=$D34,CONCATENATE(MHS!$Y$28,"-"),""),IF(MHS!$Z$29=$D34,CONCATENATE(MHS!$Y$29,"-"),""),IF(MHS!$Z$30=$D34,CONCATENATE(MHS!$Y$30,"-"),""),IF(MHS!$Z$31=$D34,CONCATENATE(MHS!$Y$31,"-"),""),IF(MHS!$Z$32=$D34,CONCATENATE(MHS!$Y$32,"-"),"")) | L34: =CONCATENATE(IF(MHS!$AH$13=$D34,CONCATENATE(MHS!$AG$13,"-"),""),IF(MHS!$AH$14=$D34,CONCATENATE(MHS!$AG$14,"-"),""),IF(MHS!$AH$15=$D34,CONCATENATE(MHS!$AG$15,"-"),""),IF(MHS!$AH$16=$D34,CONCATENATE(MHS!$AG$16,"-"),""),IF(MHS!$AH$17=$D34,CONCATENATE(MHS!$AG$17,"-"),""),IF(MHS!$AH$18=$D34,CONCATENATE(MHS!$AG$18,"-"),""),IF(MHS!$AH$19=$D34,CONCATENATE(MHS!$AG$19,"-"),""),IF(MHS!$AH$20=$D34,CONCATENATE(MHS!$AG$20,"-"),""),IF(MHS!$AH$21=$D34,CONCATENATE(MHS!$AG$21,"-"),""),IF(MHS!$AH$22=$D34,CONCATENATE(MHS!$AG$22,"-"),""),"") | M34: =CONCATENATE(IF(MHS!$AH$23=$D34,CONCATENATE(MHS!$AG$23,"-"),""),IF(MHS!$AH$24=$D34,CONCATENATE(MHS!$AG$24,"-"),""),IF(MHS!$AH$25=$D34,CONCATENATE(MHS!$AG$25,"-"),""),IF(MHS!$AH$26=$D34,CONCATENATE(MHS!$AG$26,"-"),""),IF(MHS!$AH$27=$D34,CONCATENATE(MHS!$AG$27,"-"),""),IF(MHS!$AH$28=$D34,CONCATENATE(MHS!$AG$28,"-"),""),IF(MHS!$AH$29=$D34,CONCATENATE(MHS!$AG$29,"-"),""),IF(MHS!$AH$30=$D34,CONCATENATE(MHS!$AG$30,"-"),""),IF(MHS!$AH$31=$D34,CONCATENATE(MHS!$AG$31,"-"),""),IF(MHS!$AH$32=$D34,CONCATENATE(MHS!$AG$32,"-"),"")) | N34: =CONCATENATE(F34,G34,H34,I34,J34,K34,L34,M34) | O34: 32 | P34: =IF(ISERROR(VLOOKUP($O34,$A$1:$B$100,2,FALSE)),"",VLOOKUP($O34,$A$1:$B$100,2,FALSE)) | Q34: =IF(P34="","",VLOOKUP($O34,$A$1:$E$100,5,FALSE)) | R34: =IF(P34="","",CHOOSE(VLOOKUP($O34,$A$1:$C$100,3,FALSE),AHS!$M$1,BHS!$M$1,CHS!$M$1,HMJHS!$M$1,KHS!$M$1,Kings!$M$1,MHS!$M$1,SWHS!$M$1,AMHS!$M$1,'S10'!$M$1,'S11'!$M$1,'S12'!$M$1,'S13'!$M$1,'S14'!$M$1,'S15'!$M$1,'S16'!$M$1,'S17'!$M$1,'S18'!$M$1,'S19'!$M$1,'S20'!$M$1)) | S34: =IF(P34="","",VLOOKUP($O34,$A$1:$E$100,4,FALSE)) | T34: =IF(P34="","",VLOOKUP($O34,$A$1:$N$100,14,FALSE))
A35: =IF(B35="","",COUNTIF($B$1:B34,B35)+B35) | B35: =IF(E35="","",RANK(E35,$E$1:$E$100)) | C35: 7 | D35: 5 | E35: =IF(MHS!$C$8="","",MHS!$C$8) | F35: =CONCATENATE(IF(MHS!$J$13=$D35,CONCATENATE(MHS!$I$13,"-"),""),IF(MHS!$J$14=$D35,CONCATENATE(MHS!$I$14,"-"),""),IF(MHS!$J$15=$D35,CONCATENATE(MHS!$I$15,"-"),""),IF(MHS!$J$16=$D35,CONCATENATE(MHS!$I$16,"-"),""),IF(MHS!$J$17=$D35,CONCATENATE(MHS!$I$17,"-"),""),IF(MHS!$J$18=$D35,CONCATENATE(MHS!$I$18,"-"),""),IF(MHS!$J$19=$D35,CONCATENATE(MHS!$I$19,"-"),""),IF(MHS!$J$20=$D35,CONCATENATE(MHS!$I$20,"-"),""),IF(MHS!$J$21=$D35,CONCATENATE(MHS!$I$21,"-"),""),IF(MHS!$J$22=$D35,CONCATENATE(MHS!$I$22,"-"),""),) | G35: =CONCATENATE(IF(MHS!$J$23=$D35,CONCATENATE(MHS!$I$23,"-"),""),IF(MHS!$J$24=$D35,CONCATENATE(MHS!$I$24,"-"),""),IF(MHS!$J$25=$D35,CONCATENATE(MHS!$I$25,"-"),""),IF(MHS!$J$26=$D35,CONCATENATE(MHS!$I$26,"-"),""),IF(MHS!$J$27=$D35,CONCATENATE(MHS!$I$27,"-"),""),IF(MHS!$J$28=$D35,CONCATENATE(MHS!$I$28,"-"),""),IF(MHS!$J$29=$D35,CONCATENATE(MHS!$I$29,"-"),""),IF(MHS!$J$30=$D35,CONCATENATE(MHS!$I$30,"-"),""),IF(MHS!$J$31=$D35,CONCATENATE(MHS!$I$31,"-"),""),IF(MHS!$J$32=$D35,CONCATENATE(MHS!$I$32,"-"),"")) | H35: =CONCATENATE(IF(MHS!$R$13=$D35,CONCATENATE(MHS!$Q$13,"-"),""),IF(MHS!$R$14=$D35,CONCATENATE(MHS!$Q$14,"-"),""),IF(MHS!$R$15=$D35,CONCATENATE(MHS!$Q$15,"-"),""),IF(MHS!$R$16=$D35,CONCATENATE(MHS!$Q$16,"-"),""),IF(MHS!$R$17=$D35,CONCATENATE(MHS!$Q$17,"-"),""),IF(MHS!$R$18=$D35,CONCATENATE(MHS!$Q$18,"-"),""),IF(MHS!$R$19=$D35,CONCATENATE(MHS!$Q$19,"-"),""),IF(MHS!$R$20=$D35,CONCATENATE(MHS!$Q$20,"-"),""),IF(MHS!$R$21=$D35,CONCATENATE(MHS!$Q$21,"-"),""),IF(MHS!$R$22=$D35,CONCATENATE(MHS!$Q$22,"-"),"")) | I35: =CONCATENATE(,IF(MHS!$R$23=$D35,CONCATENATE(MHS!$Q$23,"-"),""),IF(MHS!$R$24=$D35,CONCATENATE(MHS!$Q$24,"-"),""),IF(MHS!$R$25=$D35,CONCATENATE(MHS!$Q$25,"-"),""),IF(MHS!$R$26=$D35,CONCATENATE(MHS!$Q$26,"-"),""),IF(MHS!$R$27=$D35,CONCATENATE(MHS!$Q$27,"-"),""),IF(MHS!$R$28=$D35,CONCATENATE(MHS!$Q$28,"-"),""),IF(MHS!$R$29=$D35,CONCATENATE(MHS!$Q$29,"-"),""),IF(MHS!$R$30=$D35,CONCATENATE(MHS!$Q$30,"-"),""),IF(MHS!$R$31=$D35,CONCATENATE(MHS!$Q$31,"-"),""),IF(MHS!$R$32=$D35,CONCATENATE(MHS!$Q$32,"-"),"")) | J35: =CONCATENATE(IF(MHS!$Z$13=$D35,CONCATENATE(MHS!$Y$13,"-"),""),IF(MHS!$Z$14=$D35,CONCATENATE(MHS!$Y$14,"-"),""),IF(MHS!$Z$15=$D35,CONCATENATE(MHS!$Y$15,"-"),""),IF(MHS!$Z$16=$D35,CONCATENATE(MHS!$Y$16,"-"),""),IF(MHS!$Z$17=$D35,CONCATENATE(MHS!$Y$17,"-"),""),IF(MHS!$Z$18=$D35,CONCATENATE(MHS!$Y$18,"-"),""),IF(MHS!$Z$19=$D35,CONCATENATE(MHS!$Y$19,"-"),""),IF(MHS!$Z$20=$D35,CONCATENATE(MHS!$Y$20,"-"),""),IF(MHS!$Z$21=$D35,CONCATENATE(MHS!$Y$21,"-"),""),IF(MHS!$Z$22=$D35,CONCATENATE(MHS!$Y$22,"-"),""),"") | K35: =CONCATENATE(IF(MHS!$Z$23=$D35,CONCATENATE(MHS!$Y$23,"-"),""),IF(MHS!$Z$24=$D35,CONCATENATE(MHS!$Y$24,"-"),""),IF(MHS!$Z$25=$D35,CONCATENATE(MHS!$Y$25,"-"),""),IF(MHS!$Z$26=$D35,CONCATENATE(MHS!$Y$26,"-"),""),IF(MHS!$Z$27=$D35,CONCATENATE(MHS!$Y$27,"-"),""),IF(MHS!$Z$28=$D35,CONCATENATE(MHS!$Y$28,"-"),""),IF(MHS!$Z$29=$D35,CONCATENATE(MHS!$Y$29,"-"),""),IF(MHS!$Z$30=$D35,CONCATENATE(MHS!$Y$30,"-"),""),IF(MHS!$Z$31=$D35,CONCATENATE(MHS!$Y$31,"-"),""),IF(MHS!$Z$32=$D35,CONCATENATE(MHS!$Y$32,"-"),"")) | L35: =CONCATENATE(IF(MHS!$AH$13=$D35,CONCATENATE(MHS!$AG$13,"-"),""),IF(MHS!$AH$14=$D35,CONCATENATE(MHS!$AG$14,"-"),""),IF(MHS!$AH$15=$D35,CONCATENATE(MHS!$AG$15,"-"),""),IF(MHS!$AH$16=$D35,CONCATENATE(MHS!$AG$16,"-"),""),IF(MHS!$AH$17=$D35,CONCATENATE(MHS!$AG$17,"-"),""),IF(MHS!$AH$18=$D35,CONCATENATE(MHS!$AG$18,"-"),""),IF(MHS!$AH$19=$D35,CONCATENATE(MHS!$AG$19,"-"),""),IF(MHS!$AH$20=$D35,CONCATENATE(MHS!$AG$20,"-"),""),IF(MHS!$AH$21=$D35,CONCATENATE(MHS!$AG$21,"-"),""),IF(MHS!$AH$22=$D35,CONCATENATE(MHS!$AG$22,"-"),""),"") | M35: =CONCATENATE(IF(MHS!$AH$23=$D35,CONCATENATE(MHS!$AG$23,"-"),""),IF(MHS!$AH$24=$D35,CONCATENATE(MHS!$AG$24,"-"),""),IF(MHS!$AH$25=$D35,CONCATENATE(MHS!$AG$25,"-"),""),IF(MHS!$AH$26=$D35,CONCATENATE(MHS!$AG$26,"-"),""),IF(MHS!$AH$27=$D35,CONCATENATE(MHS!$AG$27,"-"),""),IF(MHS!$AH$28=$D35,CONCATENATE(MHS!$AG$28,"-"),""),IF(MHS!$AH$29=$D35,CONCATENATE(MHS!$AG$29,"-"),""),IF(MHS!$AH$30=$D35,CONCATENATE(MHS!$AG$30,"-"),""),IF(MHS!$AH$31=$D35,CONCATENATE(MHS!$AG$31,"-"),""),IF(MHS!$AH$32=$D35,CONCATENATE(MHS!$AG$32,"-"),"")) | N35: =CONCATENATE(F35,G35,H35,I35,J35,K35,L35,M35) | O35: 33 | P35: =IF(ISERROR(VLOOKUP($O35,$A$1:$B$100,2,FALSE)),"",VLOOKUP($O35,$A$1:$B$100,2,FALSE)) | Q35: =IF(P35="","",VLOOKUP($O35,$A$1:$E$100,5,FALSE)) | R35: =IF(P35="","",CHOOSE(VLOOKUP($O35,$A$1:$C$100,3,FALSE),AHS!$M$1,BHS!$M$1,CHS!$M$1,HMJHS!$M$1,KHS!$M$1,Kings!$M$1,MHS!$M$1,SWHS!$M$1,AMHS!$M$1,'S10'!$M$1,'S11'!$M$1,'S12'!$M$1,'S13'!$M$1,'S14'!$M$1,'S15'!$M$1,'S16'!$M$1,'S17'!$M$1,'S18'!$M$1,'S19'!$M$1,'S20'!$M$1)) | S35: =IF(P35="","",VLOOKUP($O35,$A$1:$E$100,4,FALSE)) | T35: =IF(P35="","",VLOOKUP($O35,$A$1:$N$100,14,FALSE))
A36: =IF(B36="","",COUNTIF($B$1:B35,B36)+B36) | B36: =IF(E36="","",RANK(E36,$E$1:$E$100)) | C36: 8 | D36: 1 | E36: =IF(SWHS!$C$4="","",SWHS!$C$4) | F36: =CONCATENATE(IF(SWHS!$J$13=$D36,CONCATENATE(SWHS!$I$13,"-"),""),IF(SWHS!$J$14=$D36,CONCATENATE(SWHS!$I$14,"-"),""),IF(SWHS!$J$15=$D36,CONCATENATE(SWHS!$I$15,"-"),""),IF(SWHS!$J$16=$D36,CONCATENATE(SWHS!$I$16,"-"),""),IF(SWHS!$J$17=$D36,CONCATENATE(SWHS!$I$17,"-"),""),IF(SWHS!$J$18=$D36,CONCATENATE(SWHS!$I$18,"-"),""),IF(SWHS!$J$19=$D36,CONCATENATE(SWHS!$I$19,"-"),""),IF(SWHS!$J$20=$D36,CONCATENATE(SWHS!$I$20,"-"),""),IF(SWHS!$J$21=$D36,CONCATENATE(SWHS!$I$21,"-"),""),IF(SWHS!$J$22=$D36,CONCATENATE(SWHS!$I$22,"-"),""),) | G36: =CONCATENATE(IF(SWHS!$J$23=$D36,CONCATENATE(SWHS!$I$23,"-"),""),IF(SWHS!$J$24=$D36,CONCATENATE(SWHS!$I$24,"-"),""),IF(SWHS!$J$25=$D36,CONCATENATE(SWHS!$I$25,"-"),""),IF(SWHS!$J$26=$D36,CONCATENATE(SWHS!$I$26,"-"),""),IF(SWHS!$J$27=$D36,CONCATENATE(SWHS!$I$27,"-"),""),IF(SWHS!$J$28=$D36,CONCATENATE(SWHS!$I$28,"-"),""),IF(SWHS!$J$29=$D36,CONCATENATE(SWHS!$I$29,"-"),""),IF(SWHS!$J$30=$D36,CONCATENATE(SWHS!$I$30,"-"),""),IF(SWHS!$J$31=$D36,CONCATENATE(SWHS!$I$31,"-"),""),IF(SWHS!$J$32=$D36,CONCATENATE(SWHS!$I$32,"-"),"")) | H36: =CONCATENATE(IF(SWHS!$R$13=$D36,CONCATENATE(SWHS!$Q$13,"-"),""),IF(SWHS!$R$14=$D36,CONCATENATE(SWHS!$Q$14,"-"),""),IF(SWHS!$R$15=$D36,CONCATENATE(SWHS!$Q$15,"-"),""),IF(SWHS!$R$16=$D36,CONCATENATE(SWHS!$Q$16,"-"),""),IF(SWHS!$R$17=$D36,CONCATENATE(SWHS!$Q$17,"-"),""),IF(SWHS!$R$18=$D36,CONCATENATE(SWHS!$Q$18,"-"),""),IF(SWHS!$R$19=$D36,CONCATENATE(SWHS!$Q$19,"-"),""),IF(SWHS!$R$20=$D36,CONCATENATE(SWHS!$Q$20,"-"),""),IF(SWHS!$R$21=$D36,CONCATENATE(SWHS!$Q$21,"-"),""),IF(SWHS!$R$22=$D36,CONCATENATE(SWHS!$Q$22,"-"),"")) | I36: =CONCATENATE(,IF(SWHS!$R$23=$D36,CONCATENATE(SWHS!$Q$23,"-"),""),IF(SWHS!$R$24=$D36,CONCATENATE(SWHS!$Q$24,"-"),""),IF(SWHS!$R$25=$D36,CONCATENATE(SWHS!$Q$25,"-"),""),IF(SWHS!$R$26=$D36,CONCATENATE(SWHS!$Q$26,"-"),""),IF(SWHS!$R$27=$D36,CONCATENATE(SWHS!$Q$27,"-"),""),IF(SWHS!$R$28=$D36,CONCATENATE(SWHS!$Q$28,"-"),""),IF(SWHS!$R$29=$D36,CONCATENATE(SWHS!$Q$29,"-"),""),IF(SWHS!$R$30=$D36,CONCATENATE(SWHS!$Q$30,"-"),""),IF(SWHS!$R$31=$D36,CONCATENATE(SWHS!$Q$31,"-"),""),IF(SWHS!$R$32=$D36,CONCATENATE(SWHS!$Q$32,"-"),"")) | J36: =CONCATENATE(IF(SWHS!$Z$13=$D36,CONCATENATE(SWHS!$Y$13,"-"),""),IF(SWHS!$Z$14=$D36,CONCATENATE(SWHS!$Y$14,"-"),""),IF(SWHS!$Z$15=$D36,CONCATENATE(SWHS!$Y$15,"-"),""),IF(SWHS!$Z$16=$D36,CONCATENATE(SWHS!$Y$16,"-"),""),IF(SWHS!$Z$17=$D36,CONCATENATE(SWHS!$Y$17,"-"),""),IF(SWHS!$Z$18=$D36,CONCATENATE(SWHS!$Y$18,"-"),""),IF(SWHS!$Z$19=$D36,CONCATENATE(SWHS!$Y$19,"-"),""),IF(SWHS!$Z$20=$D36,CONCATENATE(SWHS!$Y$20,"-"),""),IF(SWHS!$Z$21=$D36,CONCATENATE(SWHS!$Y$21,"-"),""),IF(SWHS!$Z$22=$D36,CONCATENATE(SWHS!$Y$22,"-"),""),"") | K36: =CONCATENATE(IF(SWHS!$Z$23=$D36,CONCATENATE(SWHS!$Y$23,"-"),""),IF(SWHS!$Z$24=$D36,CONCATENATE(SWHS!$Y$24,"-"),""),IF(SWHS!$Z$25=$D36,CONCATENATE(SWHS!$Y$25,"-"),""),IF(SWHS!$Z$26=$D36,CONCATENATE(SWHS!$Y$26,"-"),""),IF(SWHS!$Z$27=$D36,CONCATENATE(SWHS!$Y$27,"-"),""),IF(SWHS!$Z$28=$D36,CONCATENATE(SWHS!$Y$28,"-"),""),IF(SWHS!$Z$29=$D36,CONCATENATE(SWHS!$Y$29,"-"),""),IF(SWHS!$Z$30=$D36,CONCATENATE(SWHS!$Y$30,"-"),""),IF(SWHS!$Z$31=$D36,CONCATENATE(SWHS!$Y$31,"-"),""),IF(SWHS!$Z$32=$D36,CONCATENATE(SWHS!$Y$32,"-"),"")) | L36: =CONCATENATE(IF(SWHS!$AH$13=$D36,CONCATENATE(SWHS!$AG$13,"-"),""),IF(SWHS!$AH$14=$D36,CONCATENATE(SWHS!$AG$14,"-"),""),IF(SWHS!$AH$15=$D36,CONCATENATE(SWHS!$AG$15,"-"),""),IF(SWHS!$AH$16=$D36,CONCATENATE(SWHS!$AG$16,"-"),""),IF(SWHS!$AH$17=$D36,CONCATENATE(SWHS!$AG$17,"-"),""),IF(SWHS!$AH$18=$D36,CONCATENATE(SWHS!$AG$18,"-"),""),IF(SWHS!$AH$19=$D36,CONCATENATE(SWHS!$AG$19,"-"),""),IF(SWHS!$AH$20=$D36,CONCATENATE(SWHS!$AG$20,"-"),""),IF(SWHS!$AH$21=$D36,CONCATENATE(SWHS!$AG$21,"-"),""),IF(SWHS!$AH$22=$D36,CONCATENATE(SWHS!$AG$22,"-"),""),"") | M36: =CONCATENATE(IF(SWHS!$AH$23=$D36,CONCATENATE(SWHS!$AG$23,"-"),""),IF(SWHS!$AH$24=$D36,CONCATENATE(SWHS!$AG$24,"-"),""),IF(SWHS!$AH$25=$D36,CONCATENATE(SWHS!$AG$25,"-"),""),IF(SWHS!$AH$26=$D36,CONCATENATE(SWHS!$AG$26,"-"),""),IF(SWHS!$AH$27=$D36,CONCATENATE(SWHS!$AG$27,"-"),""),IF(SWHS!$AH$28=$D36,CONCATENATE(SWHS!$AG$28,"-"),""),IF(SWHS!$AH$29=$D36,CONCATENATE(SWHS!$AG$29,"-"),""),IF(SWHS!$AH$30=$D36,CONCATENATE(SWHS!$AG$30,"-"),""),IF(SWHS!$AH$31=$D36,CONCATENATE(SWHS!$AG$31,"-"),""),IF(SWHS!$AH$32=$D36,CONCATENATE(SWHS!$AG$32,"-"),"")) | N36: =CONCATENATE(F36,G36,H36,I36,J36,K36,L36,M36) | O36: 34 | P36: =IF(ISERROR(VLOOKUP($O36,$A$1:$B$100,2,FALSE)),"",VLOOKUP($O36,$A$1:$B$100,2,FALSE)) | Q36: =IF(P36="","",VLOOKUP($O36,$A$1:$E$100,5,FALSE)) | R36: =IF(P36="","",CHOOSE(VLOOKUP($O36,$A$1:$C$100,3,FALSE),AHS!$M$1,BHS!$M$1,CHS!$M$1,HMJHS!$M$1,KHS!$M$1,Kings!$M$1,MHS!$M$1,SWHS!$M$1,AMHS!$M$1,'S10'!$M$1,'S11'!$M$1,'S12'!$M$1,'S13'!$M$1,'S14'!$M$1,'S15'!$M$1,'S16'!$M$1,'S17'!$M$1,'S18'!$M$1,'S19'!$M$1,'S20'!$M$1)) | S36: =IF(P36="","",VLOOKUP($O36,$A$1:$E$100,4,FALSE)) | T36: =IF(P36="","",VLOOKUP($O36,$A$1:$N$100,14,FALSE))
A37: =IF(B37="","",COUNTIF($B$1:B36,B37)+B37) | B37: =IF(E37="","",RANK(E37,$E$1:$E$100)) | C37: 8 | D37: 2 | E37: =IF(SWHS!$C$5="","",SWHS!$C$5) | F37: =CONCATENATE(IF(SWHS!$J$13=$D37,CONCATENATE(SWHS!$I$13,"-"),""),IF(SWHS!$J$14=$D37,CONCATENATE(SWHS!$I$14,"-"),""),IF(SWHS!$J$15=$D37,CONCATENATE(SWHS!$I$15,"-"),""),IF(SWHS!$J$16=$D37,CONCATENATE(SWHS!$I$16,"-"),""),IF(SWHS!$J$17=$D37,CONCATENATE(SWHS!$I$17,"-"),""),IF(SWHS!$J$18=$D37,CONCATENATE(SWHS!$I$18,"-"),""),IF(SWHS!$J$19=$D37,CONCATENATE(SWHS!$I$19,"-"),""),IF(SWHS!$J$20=$D37,CONCATENATE(SWHS!$I$20,"-"),""),IF(SWHS!$J$21=$D37,CONCATENATE(SWHS!$I$21,"-"),""),IF(SWHS!$J$22=$D37,CONCATENATE(SWHS!$I$22,"-"),""),) | G37: =CONCATENATE(IF(SWHS!$J$23=$D37,CONCATENATE(SWHS!$I$23,"-"),""),IF(SWHS!$J$24=$D37,CONCATENATE(SWHS!$I$24,"-"),""),IF(SWHS!$J$25=$D37,CONCATENATE(SWHS!$I$25,"-"),""),IF(SWHS!$J$26=$D37,CONCATENATE(SWHS!$I$26,"-"),""),IF(SWHS!$J$27=$D37,CONCATENATE(SWHS!$I$27,"-"),""),IF(SWHS!$J$28=$D37,CONCATENATE(SWHS!$I$28,"-"),""),IF(SWHS!$J$29=$D37,CONCATENATE(SWHS!$I$29,"-"),""),IF(SWHS!$J$30=$D37,CONCATENATE(SWHS!$I$30,"-"),""),IF(SWHS!$J$31=$D37,CONCATENATE(SWHS!$I$31,"-"),""),IF(SWHS!$J$32=$D37,CONCATENATE(SWHS!$I$32,"-"),"")) | H37: =CONCATENATE(IF(SWHS!$R$13=$D37,CONCATENATE(SWHS!$Q$13,"-"),""),IF(SWHS!$R$14=$D37,CONCATENATE(SWHS!$Q$14,"-"),""),IF(SWHS!$R$15=$D37,CONCATENATE(SWHS!$Q$15,"-"),""),IF(SWHS!$R$16=$D37,CONCATENATE(SWHS!$Q$16,"-"),""),IF(SWHS!$R$17=$D37,CONCATENATE(SWHS!$Q$17,"-"),""),IF(SWHS!$R$18=$D37,CONCATENATE(SWHS!$Q$18,"-"),""),IF(SWHS!$R$19=$D37,CONCATENATE(SWHS!$Q$19,"-"),""),IF(SWHS!$R$20=$D37,CONCATENATE(SWHS!$Q$20,"-"),""),IF(SWHS!$R$21=$D37,CONCATENATE(SWHS!$Q$21,"-"),""),IF(SWHS!$R$22=$D37,CONCATENATE(SWHS!$Q$22,"-"),"")) | I37: =CONCATENATE(,IF(SWHS!$R$23=$D37,CONCATENATE(SWHS!$Q$23,"-"),""),IF(SWHS!$R$24=$D37,CONCATENATE(SWHS!$Q$24,"-"),""),IF(SWHS!$R$25=$D37,CONCATENATE(SWHS!$Q$25,"-"),""),IF(SWHS!$R$26=$D37,CONCATENATE(SWHS!$Q$26,"-"),""),IF(SWHS!$R$27=$D37,CONCATENATE(SWHS!$Q$27,"-"),""),IF(SWHS!$R$28=$D37,CONCATENATE(SWHS!$Q$28,"-"),""),IF(SWHS!$R$29=$D37,CONCATENATE(SWHS!$Q$29,"-"),""),IF(SWHS!$R$30=$D37,CONCATENATE(SWHS!$Q$30,"-"),""),IF(SWHS!$R$31=$D37,CONCATENATE(SWHS!$Q$31,"-"),""),IF(SWHS!$R$32=$D37,CONCATENATE(SWHS!$Q$32,"-"),"")) | J37: =CONCATENATE(IF(SWHS!$Z$13=$D37,CONCATENATE(SWHS!$Y$13,"-"),""),IF(SWHS!$Z$14=$D37,CONCATENATE(SWHS!$Y$14,"-"),""),IF(SWHS!$Z$15=$D37,CONCATENATE(SWHS!$Y$15,"-"),""),IF(SWHS!$Z$16=$D37,CONCATENATE(SWHS!$Y$16,"-"),""),IF(SWHS!$Z$17=$D37,CONCATENATE(SWHS!$Y$17,"-"),""),IF(SWHS!$Z$18=$D37,CONCATENATE(SWHS!$Y$18,"-"),""),IF(SWHS!$Z$19=$D37,CONCATENATE(SWHS!$Y$19,"-"),""),IF(SWHS!$Z$20=$D37,CONCATENATE(SWHS!$Y$20,"-"),""),IF(SWHS!$Z$21=$D37,CONCATENATE(SWHS!$Y$21,"-"),""),IF(SWHS!$Z$22=$D37,CONCATENATE(SWHS!$Y$22,"-"),""),"") | K37: =CONCATENATE(IF(SWHS!$Z$23=$D37,CONCATENATE(SWHS!$Y$23,"-"),""),IF(SWHS!$Z$24=$D37,CONCATENATE(SWHS!$Y$24,"-"),""),IF(SWHS!$Z$25=$D37,CONCATENATE(SWHS!$Y$25,"-"),""),IF(SWHS!$Z$26=$D37,CONCATENATE(SWHS!$Y$26,"-"),""),IF(SWHS!$Z$27=$D37,CONCATENATE(SWHS!$Y$27,"-"),""),IF(SWHS!$Z$28=$D37,CONCATENATE(SWHS!$Y$28,"-"),""),IF(SWHS!$Z$29=$D37,CONCATENATE(SWHS!$Y$29,"-"),""),IF(SWHS!$Z$30=$D37,CONCATENATE(SWHS!$Y$30,"-"),""),IF(SWHS!$Z$31=$D37,CONCATENATE(SWHS!$Y$31,"-"),""),IF(SWHS!$Z$32=$D37,CONCATENATE(SWHS!$Y$32,"-"),"")) | L37: =CONCATENATE(IF(SWHS!$AH$13=$D37,CONCATENATE(SWHS!$AG$13,"-"),""),IF(SWHS!$AH$14=$D37,CONCATENATE(SWHS!$AG$14,"-"),""),IF(SWHS!$AH$15=$D37,CONCATENATE(SWHS!$AG$15,"-"),""),IF(SWHS!$AH$16=$D37,CONCATENATE(SWHS!$AG$16,"-"),""),IF(SWHS!$AH$17=$D37,CONCATENATE(SWHS!$AG$17,"-"),""),IF(SWHS!$AH$18=$D37,CONCATENATE(SWHS!$AG$18,"-"),""),IF(SWHS!$AH$19=$D37,CONCATENATE(SWHS!$AG$19,"-"),""),IF(SWHS!$AH$20=$D37,CONCATENATE(SWHS!$AG$20,"-"),""),IF(SWHS!$AH$21=$D37,CONCATENATE(SWHS!$AG$21,"-"),""),IF(SWHS!$AH$22=$D37,CONCATENATE(SWHS!$AG$22,"-"),""),"") | M37: =CONCATENATE(IF(SWHS!$AH$23=$D37,CONCATENATE(SWHS!$AG$23,"-"),""),IF(SWHS!$AH$24=$D37,CONCATENATE(SWHS!$AG$24,"-"),""),IF(SWHS!$AH$25=$D37,CONCATENATE(SWHS!$AG$25,"-"),""),IF(SWHS!$AH$26=$D37,CONCATENATE(SWHS!$AG$26,"-"),""),IF(SWHS!$AH$27=$D37,CONCATENATE(SWHS!$AG$27,"-"),""),IF(SWHS!$AH$28=$D37,CONCATENATE(SWHS!$AG$28,"-"),""),IF(SWHS!$AH$29=$D37,CONCATENATE(SWHS!$AG$29,"-"),""),IF(SWHS!$AH$30=$D37,CONCATENATE(SWHS!$AG$30,"-"),""),IF(SWHS!$AH$31=$D37,CONCATENATE(SWHS!$AG$31,"-"),""),IF(SWHS!$AH$32=$D37,CONCATENATE(SWHS!$AG$32,"-"),"")) | N37: =CONCATENATE(F37,G37,H37,I37,J37,K37,L37,M37) | O37: 35 | P37: =IF(ISERROR(VLOOKUP($O37,$A$1:$B$100,2,FALSE)),"",VLOOKUP($O37,$A$1:$B$100,2,FALSE)) | Q37: =IF(P37="","",VLOOKUP($O37,$A$1:$E$100,5,FALSE)) | R37: =IF(P37="","",CHOOSE(VLOOKUP($O37,$A$1:$C$100,3,FALSE),AHS!$M$1,BHS!$M$1,CHS!$M$1,HMJHS!$M$1,KHS!$M$1,Kings!$M$1,MHS!$M$1,SWHS!$M$1,AMHS!$M$1,'S10'!$M$1,'S11'!$M$1,'S12'!$M$1,'S13'!$M$1,'S14'!$M$1,'S15'!$M$1,'S16'!$M$1,'S17'!$M$1,'S18'!$M$1,'S19'!$M$1,'S20'!$M$1)) | S37: =IF(P37="","",VLOOKUP($O37,$A$1:$E$100,4,FALSE)) | T37: =IF(P37="","",VLOOKUP($O37,$A$1:$N$100,14,FALSE))
A38: =IF(B38="","",COUNTIF($B$1:B37,B38)+B38) | B38: =IF(E38="","",RANK(E38,$E$1:$E$100)) | C38: 8 | D38: 3 | E38: =IF(SWHS!$C$6="","",SWHS!$C$6) | F38: =CONCATENATE(IF(SWHS!$J$13=$D38,CONCATENATE(SWHS!$I$13,"-"),""),IF(SWHS!$J$14=$D38,CONCATENATE(SWHS!$I$14,"-"),""),IF(SWHS!$J$15=$D38,CONCATENATE(SWHS!$I$15,"-"),""),IF(SWHS!$J$16=$D38,CONCATENATE(SWHS!$I$16,"-"),""),IF(SWHS!$J$17=$D38,CONCATENATE(SWHS!$I$17,"-"),""),IF(SWHS!$J$18=$D38,CONCATENATE(SWHS!$I$18,"-"),""),IF(SWHS!$J$19=$D38,CONCATENATE(SWHS!$I$19,"-"),""),IF(SWHS!$J$20=$D38,CONCATENATE(SWHS!$I$20,"-"),""),IF(SWHS!$J$21=$D38,CONCATENATE(SWHS!$I$21,"-"),""),IF(SWHS!$J$22=$D38,CONCATENATE(SWHS!$I$22,"-"),""),) | G38: =CONCATENATE(IF(SWHS!$J$23=$D38,CONCATENATE(SWHS!$I$23,"-"),""),IF(SWHS!$J$24=$D38,CONCATENATE(SWHS!$I$24,"-"),""),IF(SWHS!$J$25=$D38,CONCATENATE(SWHS!$I$25,"-"),""),IF(SWHS!$J$26=$D38,CONCATENATE(SWHS!$I$26,"-"),""),IF(SWHS!$J$27=$D38,CONCATENATE(SWHS!$I$27,"-"),""),IF(SWHS!$J$28=$D38,CONCATENATE(SWHS!$I$28,"-"),""),IF(SWHS!$J$29=$D38,CONCATENATE(SWHS!$I$29,"-"),""),IF(SWHS!$J$30=$D38,CONCATENATE(SWHS!$I$30,"-"),""),IF(SWHS!$J$31=$D38,CONCATENATE(SWHS!$I$31,"-"),""),IF(SWHS!$J$32=$D38,CONCATENATE(SWHS!$I$32,"-"),"")) | H38: =CONCATENATE(IF(SWHS!$R$13=$D38,CONCATENATE(SWHS!$Q$13,"-"),""),IF(SWHS!$R$14=$D38,CONCATENATE(SWHS!$Q$14,"-"),""),IF(SWHS!$R$15=$D38,CONCATENATE(SWHS!$Q$15,"-"),""),IF(SWHS!$R$16=$D38,CONCATENATE(SWHS!$Q$16,"-"),""),IF(SWHS!$R$17=$D38,CONCATENATE(SWHS!$Q$17,"-"),""),IF(SWHS!$R$18=$D38,CONCATENATE(SWHS!$Q$18,"-"),""),IF(SWHS!$R$19=$D38,CONCATENATE(SWHS!$Q$19,"-"),""),IF(SWHS!$R$20=$D38,CONCATENATE(SWHS!$Q$20,"-"),""),IF(SWHS!$R$21=$D38,CONCATENATE(SWHS!$Q$21,"-"),""),IF(SWHS!$R$22=$D38,CONCATENATE(SWHS!$Q$22,"-"),"")) | I38: =CONCATENATE(,IF(SWHS!$R$23=$D38,CONCATENATE(SWHS!$Q$23,"-"),""),IF(SWHS!$R$24=$D38,CONCATENATE(SWHS!$Q$24,"-"),""),IF(SWHS!$R$25=$D38,CONCATENATE(SWHS!$Q$25,"-"),""),IF(SWHS!$R$26=$D38,CONCATENATE(SWHS!$Q$26,"-"),""),IF(SWHS!$R$27=$D38,CONCATENATE(SWHS!$Q$27,"-"),""),IF(SWHS!$R$28=$D38,CONCATENATE(SWHS!$Q$28,"-"),""),IF(SWHS!$R$29=$D38,CONCATENATE(SWHS!$Q$29,"-"),""),IF(SWHS!$R$30=$D38,CONCATENATE(SWHS!$Q$30,"-"),""),IF(SWHS!$R$31=$D38,CONCATENATE(SWHS!$Q$31,"-"),""),IF(SWHS!$R$32=$D38,CONCATENATE(SWHS!$Q$32,"-"),"")) | J38: =CONCATENATE(IF(SWHS!$Z$13=$D38,CONCATENATE(SWHS!$Y$13,"-"),""),IF(SWHS!$Z$14=$D38,CONCATENATE(SWHS!$Y$14,"-"),""),IF(SWHS!$Z$15=$D38,CONCATENATE(SWHS!$Y$15,"-"),""),IF(SWHS!$Z$16=$D38,CONCATENATE(SWHS!$Y$16,"-"),""),IF(SWHS!$Z$17=$D38,CONCATENATE(SWHS!$Y$17,"-"),""),IF(SWHS!$Z$18=$D38,CONCATENATE(SWHS!$Y$18,"-"),""),IF(SWHS!$Z$19=$D38,CONCATENATE(SWHS!$Y$19,"-"),""),IF(SWHS!$Z$20=$D38,CONCATENATE(SWHS!$Y$20,"-"),""),IF(SWHS!$Z$21=$D38,CONCATENATE(SWHS!$Y$21,"-"),""),IF(SWHS!$Z$22=$D38,CONCATENATE(SWHS!$Y$22,"-"),""),"") | K38: =CONCATENATE(IF(SWHS!$Z$23=$D38,CONCATENATE(SWHS!$Y$23,"-"),""),IF(SWHS!$Z$24=$D38,CONCATENATE(SWHS!$Y$24,"-"),""),IF(SWHS!$Z$25=$D38,CONCATENATE(SWHS!$Y$25,"-"),""),IF(SWHS!$Z$26=$D38,CONCATENATE(SWHS!$Y$26,"-"),""),IF(SWHS!$Z$27=$D38,CONCATENATE(SWHS!$Y$27,"-"),""),IF(SWHS!$Z$28=$D38,CONCATENATE(SWHS!$Y$28,"-"),""),IF(SWHS!$Z$29=$D38,CONCATENATE(SWHS!$Y$29,"-"),""),IF(SWHS!$Z$30=$D38,CONCATENATE(SWHS!$Y$30,"-"),""),IF(SWHS!$Z$31=$D38,CONCATENATE(SWHS!$Y$31,"-"),""),IF(SWHS!$Z$32=$D38,CONCATENATE(SWHS!$Y$32,"-"),"")) | L38: =CONCATENATE(IF(SWHS!$AH$13=$D38,CONCATENATE(SWHS!$AG$13,"-"),""),IF(SWHS!$AH$14=$D38,CONCATENATE(SWHS!$AG$14,"-"),""),IF(SWHS!$AH$15=$D38,CONCATENATE(SWHS!$AG$15,"-"),""),IF(SWHS!$AH$16=$D38,CONCATENATE(SWHS!$AG$16,"-"),""),IF(SWHS!$AH$17=$D38,CONCATENATE(SWHS!$AG$17,"-"),""),IF(SWHS!$AH$18=$D38,CONCATENATE(SWHS!$AG$18,"-"),""),IF(SWHS!$AH$19=$D38,CONCATENATE(SWHS!$AG$19,"-"),""),IF(SWHS!$AH$20=$D38,CONCATENATE(SWHS!$AG$20,"-"),""),IF(SWHS!$AH$21=$D38,CONCATENATE(SWHS!$AG$21,"-"),""),IF(SWHS!$AH$22=$D38,CONCATENATE(SWHS!$AG$22,"-"),""),"") | M38: =CONCATENATE(IF(SWHS!$AH$23=$D38,CONCATENATE(SWHS!$AG$23,"-"),""),IF(SWHS!$AH$24=$D38,CONCATENATE(SWHS!$AG$24,"-"),""),IF(SWHS!$AH$25=$D38,CONCATENATE(SWHS!$AG$25,"-"),""),IF(SWHS!$AH$26=$D38,CONCATENATE(SWHS!$AG$26,"-"),""),IF(SWHS!$AH$27=$D38,CONCATENATE(SWHS!$AG$27,"-"),""),IF(SWHS!$AH$28=$D38,CONCATENATE(SWHS!$AG$28,"-"),""),IF(SWHS!$AH$29=$D38,CONCATENATE(SWHS!$AG$29,"-"),""),IF(SWHS!$AH$30=$D38,CONCATENATE(SWHS!$AG$30,"-"),""),IF(SWHS!$AH$31=$D38,CONCATENATE(SWHS!$AG$31,"-"),""),IF(SWHS!$AH$32=$D38,CONCATENATE(SWHS!$AG$32,"-"),"")) | N38: =CONCATENATE(F38,G38,H38,I38,J38,K38,L38,M38) | O38: 36 | P38: =IF(ISERROR(VLOOKUP($O38,$A$1:$B$100,2,FALSE)),"",VLOOKUP($O38,$A$1:$B$100,2,FALSE)) | Q38: =IF(P38="","",VLOOKUP($O38,$A$1:$E$100,5,FALSE)) | R38: =IF(P38="","",CHOOSE(VLOOKUP($O38,$A$1:$C$100,3,FALSE),AHS!$M$1,BHS!$M$1,CHS!$M$1,HMJHS!$M$1,KHS!$M$1,Kings!$M$1,MHS!$M$1,SWHS!$M$1,AMHS!$M$1,'S10'!$M$1,'S11'!$M$1,'S12'!$M$1,'S13'!$M$1,'S14'!$M$1,'S15'!$M$1,'S16'!$M$1,'S17'!$M$1,'S18'!$M$1,'S19'!$M$1,'S20'!$M$1)) | S38: =IF(P38="","",VLOOKUP($O38,$A$1:$E$100,4,FALSE)) | T38: =IF(P38="","",VLOOKUP($O38,$A$1:$N$100,14,FALSE))
A39: =IF(B39="","",COUNTIF($B$1:B38,B39)+B39) | B39: =IF(E39="","",RANK(E39,$E$1:$E$100)) | C39: 8 | D39: 4 | E39: =IF(SWHS!$C$7="","",SWHS!$C$7) | F39: =CONCATENATE(IF(SWHS!$J$13=$D39,CONCATENATE(SWHS!$I$13,"-"),""),IF(SWHS!$J$14=$D39,CONCATENATE(SWHS!$I$14,"-"),""),IF(SWHS!$J$15=$D39,CONCATENATE(SWHS!$I$15,"-"),""),IF(SWHS!$J$16=$D39,CONCATENATE(SWHS!$I$16,"-"),""),IF(SWHS!$J$17=$D39,CONCATENATE(SWHS!$I$17,"-"),""),IF(SWHS!$J$18=$D39,CONCATENATE(SWHS!$I$18,"-"),""),IF(SWHS!$J$19=$D39,CONCATENATE(SWHS!$I$19,"-"),""),IF(SWHS!$J$20=$D39,CONCATENATE(SWHS!$I$20,"-"),""),IF(SWHS!$J$21=$D39,CONCATENATE(SWHS!$I$21,"-"),""),IF(SWHS!$J$22=$D39,CONCATENATE(SWHS!$I$22,"-"),""),) | G39: =CONCATENATE(IF(SWHS!$J$23=$D39,CONCATENATE(SWHS!$I$23,"-"),""),IF(SWHS!$J$24=$D39,CONCATENATE(SWHS!$I$24,"-"),""),IF(SWHS!$J$25=$D39,CONCATENATE(SWHS!$I$25,"-"),""),IF(SWHS!$J$26=$D39,CONCATENATE(SWHS!$I$26,"-"),""),IF(SWHS!$J$27=$D39,CONCATENATE(SWHS!$I$27,"-"),""),IF(SWHS!$J$28=$D39,CONCATENATE(SWHS!$I$28,"-"),""),IF(SWHS!$J$29=$D39,CONCATENATE(SWHS!$I$29,"-"),""),IF(SWHS!$J$30=$D39,CONCATENATE(SWHS!$I$30,"-"),""),IF(SWHS!$J$31=$D39,CONCATENATE(SWHS!$I$31,"-"),""),IF(SWHS!$J$32=$D39,CONCATENATE(SWHS!$I$32,"-"),"")) | H39: =CONCATENATE(IF(SWHS!$R$13=$D39,CONCATENATE(SWHS!$Q$13,"-"),""),IF(SWHS!$R$14=$D39,CONCATENATE(SWHS!$Q$14,"-"),""),IF(SWHS!$R$15=$D39,CONCATENATE(SWHS!$Q$15,"-"),""),IF(SWHS!$R$16=$D39,CONCATENATE(SWHS!$Q$16,"-"),""),IF(SWHS!$R$17=$D39,CONCATENATE(SWHS!$Q$17,"-"),""),IF(SWHS!$R$18=$D39,CONCATENATE(SWHS!$Q$18,"-"),""),IF(SWHS!$R$19=$D39,CONCATENATE(SWHS!$Q$19,"-"),""),IF(SWHS!$R$20=$D39,CONCATENATE(SWHS!$Q$20,"-"),""),IF(SWHS!$R$21=$D39,CONCATENATE(SWHS!$Q$21,"-"),""),IF(SWHS!$R$22=$D39,CONCATENATE(SWHS!$Q$22,"-"),"")) | I39: =CONCATENATE(,IF(SWHS!$R$23=$D39,CONCATENATE(SWHS!$Q$23,"-"),""),IF(SWHS!$R$24=$D39,CONCATENATE(SWHS!$Q$24,"-"),""),IF(SWHS!$R$25=$D39,CONCATENATE(SWHS!$Q$25,"-"),""),IF(SWHS!$R$26=$D39,CONCATENATE(SWHS!$Q$26,"-"),""),IF(SWHS!$R$27=$D39,CONCATENATE(SWHS!$Q$27,"-"),""),IF(SWHS!$R$28=$D39,CONCATENATE(SWHS!$Q$28,"-"),""),IF(SWHS!$R$29=$D39,CONCATENATE(SWHS!$Q$29,"-"),""),IF(SWHS!$R$30=$D39,CONCATENATE(SWHS!$Q$30,"-"),""),IF(SWHS!$R$31=$D39,CONCATENATE(SWHS!$Q$31,"-"),""),IF(SWHS!$R$32=$D39,CONCATENATE(SWHS!$Q$32,"-"),"")) | J39: =CONCATENATE(IF(SWHS!$Z$13=$D39,CONCATENATE(SWHS!$Y$13,"-"),""),IF(SWHS!$Z$14=$D39,CONCATENATE(SWHS!$Y$14,"-"),""),IF(SWHS!$Z$15=$D39,CONCATENATE(SWHS!$Y$15,"-"),""),IF(SWHS!$Z$16=$D39,CONCATENATE(SWHS!$Y$16,"-"),""),IF(SWHS!$Z$17=$D39,CONCATENATE(SWHS!$Y$17,"-"),""),IF(SWHS!$Z$18=$D39,CONCATENATE(SWHS!$Y$18,"-"),""),IF(SWHS!$Z$19=$D39,CONCATENATE(SWHS!$Y$19,"-"),""),IF(SWHS!$Z$20=$D39,CONCATENATE(SWHS!$Y$20,"-"),""),IF(SWHS!$Z$21=$D39,CONCATENATE(SWHS!$Y$21,"-"),""),IF(SWHS!$Z$22=$D39,CONCATENATE(SWHS!$Y$22,"-"),""),"") | K39: =CONCATENATE(IF(SWHS!$Z$23=$D39,CONCATENATE(SWHS!$Y$23,"-"),""),IF(SWHS!$Z$24=$D39,CONCATENATE(SWHS!$Y$24,"-"),""),IF(SWHS!$Z$25=$D39,CONCATENATE(SWHS!$Y$25,"-"),""),IF(SWHS!$Z$26=$D39,CONCATENATE(SWHS!$Y$26,"-"),""),IF(SWHS!$Z$27=$D39,CONCATENATE(SWHS!$Y$27,"-"),""),IF(SWHS!$Z$28=$D39,CONCATENATE(SWHS!$Y$28,"-"),""),IF(SWHS!$Z$29=$D39,CONCATENATE(SWHS!$Y$29,"-"),""),IF(SWHS!$Z$30=$D39,CONCATENATE(SWHS!$Y$30,"-"),""),IF(SWHS!$Z$31=$D39,CONCATENATE(SWHS!$Y$31,"-"),""),IF(SWHS!$Z$32=$D39,CONCATENATE(SWHS!$Y$32,"-"),"")) | L39: =CONCATENATE(IF(SWHS!$AH$13=$D39,CONCATENATE(SWHS!$AG$13,"-"),""),IF(SWHS!$AH$14=$D39,CONCATENATE(SWHS!$AG$14,"-"),""),IF(SWHS!$AH$15=$D39,CONCATENATE(SWHS!$AG$15,"-"),""),IF(SWHS!$AH$16=$D39,CONCATENATE(SWHS!$AG$16,"-"),""),IF(SWHS!$AH$17=$D39,CONCATENATE(SWHS!$AG$17,"-"),""),IF(SWHS!$AH$18=$D39,CONCATENATE(SWHS!$AG$18,"-"),""),IF(SWHS!$AH$19=$D39,CONCATENATE(SWHS!$AG$19,"-"),""),IF(SWHS!$AH$20=$D39,CONCATENATE(SWHS!$AG$20,"-"),""),IF(SWHS!$AH$21=$D39,CONCATENATE(SWHS!$AG$21,"-"),""),IF(SWHS!$AH$22=$D39,CONCATENATE(SWHS!$AG$22,"-"),""),"") | M39: =CONCATENATE(IF(SWHS!$AH$23=$D39,CONCATENATE(SWHS!$AG$23,"-"),""),IF(SWHS!$AH$24=$D39,CONCATENATE(SWHS!$AG$24,"-"),""),IF(SWHS!$AH$25=$D39,CONCATENATE(SWHS!$AG$25,"-"),""),IF(SWHS!$AH$26=$D39,CONCATENATE(SWHS!$AG$26,"-"),""),IF(SWHS!$AH$27=$D39,CONCATENATE(SWHS!$AG$27,"-"),""),IF(SWHS!$AH$28=$D39,CONCATENATE(SWHS!$AG$28,"-"),""),IF(SWHS!$AH$29=$D39,CONCATENATE(SWHS!$AG$29,"-"),""),IF(SWHS!$AH$30=$D39,CONCATENATE(SWHS!$AG$30,"-"),""),IF(SWHS!$AH$31=$D39,CONCATENATE(SWHS!$AG$31,"-"),""),IF(SWHS!$AH$32=$D39,CONCATENATE(SWHS!$AG$32,"-"),"")) | N39: =CONCATENATE(F39,G39,H39,I39,J39,K39,L39,M39) | O39: 37 | P39: =IF(ISERROR(VLOOKUP($O39,$A$1:$B$100,2,FALSE)),"",VLOOKUP($O39,$A$1:$B$100,2,FALSE)) | Q39: =IF(P39="","",VLOOKUP($O39,$A$1:$E$100,5,FALSE)) | R39: =IF(P39="","",CHOOSE(VLOOKUP($O39,$A$1:$C$100,3,FALSE),AHS!$M$1,BHS!$M$1,CHS!$M$1,HMJHS!$M$1,KHS!$M$1,Kings!$M$1,MHS!$M$1,SWHS!$M$1,AMHS!$M$1,'S10'!$M$1,'S11'!$M$1,'S12'!$M$1,'S13'!$M$1,'S14'!$M$1,'S15'!$M$1,'S16'!$M$1,'S17'!$M$1,'S18'!$M$1,'S19'!$M$1,'S20'!$M$1)) | S39: =IF(P39="","",VLOOKUP($O39,$A$1:$E$100,4,FALSE)) | T39: =IF(P39="","",VLOOKUP($O39,$A$1:$N$100,14,FALSE))
